rate,period,rate_type,exchanges_included,base_asset,calc_window,partition_size,start_time,end_time
D2X-KAIKO_BTCEUR,Q22020,real_time,"bfly,cbse,krkn,stmp",btc,60,6,2020-06-22 22:30:00+00:00,2020-09-21 22:30:00+00:00
D2X-KAIKO_BTCEUR_LDN,Q22020,index_fixing,"bfly,cbse,krkn,stmp",btc,300,30,2020-06-22 22:30:00+00:00,2020-09-21 22:30:00+00:00
D2X-KAIKO_BTCEUR_LDNLF,Q22020,index_fixing,"bfly,cbse,krkn,stmp",btc,300,30,2020-06-22 22:30:00+00:00,2020-09-21 22:30:00+00:00
D2X-KAIKO_ETHEUR,Q22020,real_time,"cbse,krkn,stmp",eth,60,6,2020-06-22 22:30:00+00:00,2020-09-21 22:30:00+00:00
D2X-KAIKO_ETHEUR_LDN,Q22020,index_fixing,"cbse,krkn,stmp",eth,300,30,2020-06-22 22:30:00+00:00,2020-09-21 22:30:00+00:00
D2X-KAIKO_ETHEUR_LDNLF,Q22020,index_fixing,"cbse,krkn,stmp",eth,300,30,2020-06-22 22:30:00+00:00,2020-09-21 22:30:00+00:00
EDX-KAIKO_BTCUSDC,Q22020,real_time,"binc,cbse,cnex,polo",btc,300,30,2020-06-22 22:30:00+00:00,2020-09-21 22:30:00+00:00
EDX-KAIKO_BTCUSDT,Q22020,real_time,"bfrx,binc,huob,okex,zbcn",btc,300,30,2020-06-22 22:30:00+00:00,2020-09-21 22:30:00+00:00
EDX-KAIKO_ETHUSDC,Q22020,real_time,"binc,cbse,cnex,krkn,polo",eth,300,30,2020-06-22 22:30:00+00:00,2020-09-21 22:30:00+00:00
EDX-KAIKO_ETHUSDT,Q22020,real_time,"bbox,binc,bitz,exxa,huob",eth,300,30,2020-06-22 22:30:00+00:00,2020-09-21 22:30:00+00:00
KK_BRR_ADAUSD,Q22020,real_time,"btrx,cexi,krkn",ada,300,30,2020-06-22 22:30:00+00:00,2020-09-21 22:30:00+00:00
KK_BRR_ADAUSD_LDN,Q22020,index_fixing,"btrx,cexi,krkn",ada,900,90,2020-06-22 22:30:00+00:00,2020-09-21 22:30:00+00:00
KK_BRR_ADAUSD_NYC,Q22020,index_fixing,"btrx,cexi,krkn",ada,1800,180,2020-06-22 22:30:00+00:00,2020-09-21 22:30:00+00:00
KK_BRR_ADAUSD_SGP,Q22020,index_fixing,"btrx,cexi,krkn",ada,1800,180,2020-06-22 22:30:00+00:00,2020-09-21 22:30:00+00:00
KK_BRR_BATUSD,Q22020,real_time,"btrx,cexi,gmni,krkn",bat,300,30,2020-06-22 22:30:00+00:00,2020-09-21 22:30:00+00:00
KK_BRR_BATUSD_LDN,Q22020,index_fixing,"btrx,cexi,gmni,krkn",bat,3600,360,2020-06-22 22:30:00+00:00,2020-09-21 22:30:00+00:00
KK_BRR_BATUSD_NYC,Q22020,index_fixing,"btrx,cexi,gmni,krkn",bat,3600,360,2020-06-22 22:30:00+00:00,2020-09-21 22:30:00+00:00
KK_BRR_BATUSD_SGP,Q22020,index_fixing,"btrx,cexi,gmni,krkn",bat,3600,360,2020-06-22 22:30:00+00:00,2020-09-21 22:30:00+00:00
KK_BRR_BCHUSD,Q22020,real_time,"cbse,gmni,krkn,lmax,stmp",bch,60,6,2020-06-22 22:30:00+00:00,2020-09-21 22:30:00+00:00
KK_BRR_BCHUSD_LDN,Q22020,index_fixing,"cbse,gmni,krkn,lmax,stmp",bch,300,30,2020-06-22 22:30:00+00:00,2020-09-21 22:30:00+00:00
KK_BRR_BCHUSD_NYC,Q22020,index_fixing,"cbse,gmni,krkn,lmax,stmp",bch,300,30,2020-06-22 22:30:00+00:00,2020-09-21 22:30:00+00:00
KK_BRR_BCHUSD_SGP,Q22020,index_fixing,"cbse,gmni,krkn,lmax,stmp",bch,300,30,2020-06-22 22:30:00+00:00,2020-09-21 22:30:00+00:00
KK_BRR_BTCEUR,Q22020,real_time,"bfly,cbse,krkn,stmp",btc,60,6,2020-06-22 22:30:00+00:00,2020-09-21 22:30:00+00:00
KK_BRR_BTCEUR_RES,Q22020,real_time,"bfly,cbse,krkn,stmp",btc,60,6,2020-06-22 22:30:00+00:00,2020-09-21 22:30:00+00:00
KK_BRR_BTCGBP,Q22020,real_time,"cbse,cexi,krkn",btc,120,12,2020-06-22 22:30:00+00:00,2020-09-21 22:30:00+00:00
KK_BRR_BTCGBP_RES,Q22020,real_time,"cbse,cexi,krkn",btc,120,12,2020-06-22 22:30:00+00:00,2020-09-21 22:30:00+00:00
KK_BRR_BTCUSD,Q22020,real_time,"cbse,gmni,itbi,krkn,stmp",btc,15,3,2020-06-22 22:30:00+00:00,2020-09-21 22:30:00+00:00
KK_BRR_BTCUSD_15UTC,Q22020,index_fixing,"cbse,gmni,itbi,krkn,stmp",btc,300,30,2020-06-22 22:30:00+00:00,2020-09-21 22:30:00+00:00
KK_BRR_BTCUSD_1S,Q22020,real_time,"cbse,gmni,itbi,krkn,stmp",btc,15,3,2020-06-22 22:30:00+00:00,2020-09-21 22:30:00+00:00
KK_BRR_BTCUSD_LDN,Q22020,index_fixing,"cbse,gmni,itbi,krkn,stmp",btc,300,30,2020-06-22 22:30:00+00:00,2020-09-21 22:30:00+00:00
KK_BRR_BTCUSD_NYC,Q22020,index_fixing,"cbse,gmni,itbi,krkn,stmp",btc,300,30,2020-06-22 22:30:00+00:00,2020-09-21 22:30:00+00:00
KK_BRR_BTCUSD_SGP,Q22020,index_fixing,"cbse,gmni,krkn,quon,stmp",btc,300,30,2020-06-22 22:30:00+00:00,2020-09-21 22:30:00+00:00
KK_BRR_DAIUSD,Q22020,real_time,"btrx,cbse,gmni,krkn,okcn",dai,300,30,2020-06-22 22:30:00+00:00,2020-09-21 22:30:00+00:00
KK_BRR_DAIUSD_LDN,Q22020,index_fixing,"btrx,cbse,gmni,krkn,okcn",dai,1800,180,2020-06-22 22:30:00+00:00,2020-09-21 22:30:00+00:00
KK_BRR_DAIUSD_NYC,Q22020,index_fixing,"btrx,cbse,gmni,krkn,okcn",dai,3600,360,2020-06-22 22:30:00+00:00,2020-09-21 22:30:00+00:00
KK_BRR_DAIUSD_SGP,Q22020,index_fixing,"btrx,cbse,gmni,krkn,okcn",dai,3600,360,2020-06-22 22:30:00+00:00,2020-09-21 22:30:00+00:00
KK_BRR_DASHUSD,Q22020,real_time,"btrx,cbse,krkn",dash,300,30,2020-06-22 22:30:00+00:00,2020-09-21 22:30:00+00:00
KK_BRR_DASHUSD_LDN,Q22020,index_fixing,"btrx,cbse,krkn",dash,300,30,2020-06-22 22:30:00+00:00,2020-09-21 22:30:00+00:00
KK_BRR_DASHUSD_NYC,Q22020,index_fixing,"btrx,cbse,krkn",dash,300,30,2020-06-22 22:30:00+00:00,2020-09-21 22:30:00+00:00
KK_BRR_DASHUSD_SGP,Q22020,index_fixing,"btrx,cbse,krkn",dash,300,30,2020-06-22 22:30:00+00:00,2020-09-21 22:30:00+00:00
KK_BRR_ETHEUR,Q22020,real_time,"cbse,krkn,stmp",eth,60,6,2020-06-22 22:30:00+00:00,2020-09-21 22:30:00+00:00
KK_BRR_ETHEUR_RES,Q22020,real_time,"cbse,krkn,stmp",eth,60,6,2020-06-22 22:30:00+00:00,2020-09-21 22:30:00+00:00
KK_BRR_ETHGBP,Q22020,real_time,"cbse,cexi,krkn",eth,300,30,2020-06-22 22:30:00+00:00,2020-09-21 22:30:00+00:00
KK_BRR_ETHGBP_RES,Q22020,real_time,"cbse,cexi,krkn",eth,300,30,2020-06-22 22:30:00+00:00,2020-09-21 22:30:00+00:00
KK_BRR_ETHUSD,Q22020,real_time,"cbse,gmni,krkn,lmax,stmp",eth,30,3,2020-06-22 22:30:00+00:00,2020-09-21 22:30:00+00:00
KK_BRR_ETHUSD_15UTC,Q22020,index_fixing,"cbse,gmni,krkn,lmax,stmp",eth,300,30,2020-06-22 22:30:00+00:00,2020-09-21 22:30:00+00:00
KK_BRR_ETHUSD_LDN,Q22020,index_fixing,"cbse,gmni,krkn,lmax,stmp",eth,300,30,2020-06-22 22:30:00+00:00,2020-09-21 22:30:00+00:00
KK_BRR_ETHUSD_NYC,Q22020,index_fixing,"cbse,gmni,krkn,lmax,stmp",eth,300,30,2020-06-22 22:30:00+00:00,2020-09-21 22:30:00+00:00
KK_BRR_ETHUSD_SGP,Q22020,index_fixing,"btrx,cbse,gmni,krkn,stmp",eth,300,30,2020-06-22 22:30:00+00:00,2020-09-21 22:30:00+00:00
KK_BRR_LINKUSD,Q22020,real_time,"cbse,gmni,krkn",link,60,6,2020-06-22 22:30:00+00:00,2020-09-21 22:30:00+00:00
KK_BRR_LINKUSD_LDN,Q22020,index_fixing,"cbse,gmni,krkn",link,300,30,2020-06-22 22:30:00+00:00,2020-09-21 22:30:00+00:00
KK_BRR_LINKUSD_NYC,Q22020,index_fixing,"cbse,gmni,krkn",link,300,30,2020-06-22 22:30:00+00:00,2020-09-21 22:30:00+00:00
KK_BRR_LINKUSD_SGP,Q22020,index_fixing,"cbse,gmni,krkn",link,300,30,2020-06-22 22:30:00+00:00,2020-09-21 22:30:00+00:00
KK_BRR_LTCUSD,Q22020,real_time,"btrx,cbse,gmni,krkn,stmp",ltc,30,3,2020-06-22 22:30:00+00:00,2020-09-21 22:30:00+00:00
KK_BRR_LTCUSD_LDN,Q22020,index_fixing,"btrx,cbse,gmni,krkn,stmp",ltc,300,30,2020-06-22 22:30:00+00:00,2020-09-21 22:30:00+00:00
KK_BRR_LTCUSD_NYC,Q22020,index_fixing,"btrx,cbse,gmni,krkn,stmp",ltc,300,30,2020-06-22 22:30:00+00:00,2020-09-21 22:30:00+00:00
KK_BRR_LTCUSD_SGP,Q22020,index_fixing,"btrx,cbse,gmni,krkn,stmp",ltc,300,30,2020-06-22 22:30:00+00:00,2020-09-21 22:30:00+00:00
KK_BRR_TRXUSD,Q22020,real_time,"btrx,cexi,krkn,okcn",trx,300,30,2020-06-22 22:30:00+00:00,2020-09-21 22:30:00+00:00
KK_BRR_TRXUSD_LDN,Q22020,index_fixing,"btrx,cexi,krkn,okcn",trx,1200,120,2020-06-22 22:30:00+00:00,2020-09-21 22:30:00+00:00
KK_BRR_TRXUSD_NYC,Q22020,index_fixing,"btrx,cexi,krkn,okcn",trx,1800,180,2020-06-22 22:30:00+00:00,2020-09-21 22:30:00+00:00
KK_BRR_TRXUSD_SGP,Q22020,index_fixing,"btrx,cexi,krkn,okcn",trx,1800,180,2020-06-22 22:30:00+00:00,2020-09-21 22:30:00+00:00
KK_BRR_USDCUSD,Q22020,real_time,"btrx,krkn,okcn",usdc,300,30,2020-06-22 22:30:00+00:00,2020-09-21 22:30:00+00:00
KK_BRR_USDCUSD_LDN,Q22020,index_fixing,"btrx,krkn,okcn",usdc,3600,360,2020-06-22 22:30:00+00:00,2020-09-21 22:30:00+00:00
KK_BRR_USDCUSD_NYC,Q22020,index_fixing,"btrx,krkn,okcn",usdc,3600,360,2020-06-22 22:30:00+00:00,2020-09-21 22:30:00+00:00
KK_BRR_USDCUSD_SGP,Q22020,index_fixing,"btrx,krkn,okcn",usdc,3600,360,2020-06-22 22:30:00+00:00,2020-09-21 22:30:00+00:00
KK_BRR_USDTUSD,Q22020,real_time,"btrx,krkn,okcn",usdt,300,30,2020-06-22 22:30:00+00:00,2020-09-21 22:30:00+00:00
KK_BRR_USDTUSD_LDN,Q22020,index_fixing,"btrx,krkn,okcn",usdt,300,30,2020-06-22 22:30:00+00:00,2020-09-21 22:30:00+00:00
KK_BRR_USDTUSD_NYC,Q22020,index_fixing,"btrx,krkn,okcn",usdt,300,30,2020-06-22 22:30:00+00:00,2020-09-21 22:30:00+00:00
KK_BRR_USDTUSD_SGP,Q22020,index_fixing,"btrx,krkn,okcn",usdt,600,60,2020-06-22 22:30:00+00:00,2020-09-21 22:30:00+00:00
KK_BRR_XRPUSD,Q22020,real_time,"cbse,krkn,lmax,stmp",xrp,20,2,2020-06-22 22:30:00+00:00,2020-09-21 22:30:00+00:00
KK_BRR_XRPUSD_LDN,Q22020,index_fixing,"cbse,krkn,lmax,stmp",xrp,300,30,2020-06-22 22:30:00+00:00,2020-09-21 22:30:00+00:00
KK_BRR_XRPUSD_NYC,Q22020,index_fixing,"cbse,krkn,lmax,stmp",xrp,300,30,2020-06-22 22:30:00+00:00,2020-09-21 22:30:00+00:00
KK_BRR_XRPUSD_SGP,Q22020,index_fixing,"cbse,krkn,lmax,stmp",xrp,300,30,2020-06-22 22:30:00+00:00,2020-09-21 22:30:00+00:00
KK_BRR_ZECUSD,Q22020,real_time,"btrx,gmni,krkn",zec,300,30,2020-06-22 22:30:00+00:00,2020-09-21 22:30:00+00:00
KK_BRR_ZECUSD_LDN,Q22020,index_fixing,"btrx,gmni,krkn",zec,600,60,2020-06-22 22:30:00+00:00,2020-09-21 22:30:00+00:00
KK_BRR_ZECUSD_NYC,Q22020,index_fixing,"btrx,gmni,krkn",zec,900,90,2020-06-22 22:30:00+00:00,2020-09-21 22:30:00+00:00
KK_BRR_ZECUSD_SGP,Q22020,index_fixing,"btrx,gmni,krkn",zec,1200,120,2020-06-22 22:30:00+00:00,2020-09-21 22:30:00+00:00
KK_RFR_ABBCUSDT,Q22020,real_time,bfrx,abbc,300,30,2020-06-22 22:30:00+00:00,2020-09-21 22:30:00+00:00
KK_RFR_ABBCUSDT_LDN,Q22020,index_fixing,bfrx,abbc,3600,360,2020-06-22 22:30:00+00:00,2020-09-21 22:30:00+00:00
KK_RFR_ABBCUSDT_NYC,Q22020,index_fixing,bfrx,abbc,3600,360,2020-06-22 22:30:00+00:00,2020-09-21 22:30:00+00:00
KK_RFR_ABBCUSDT_SGP,Q22020,index_fixing,bfrx,abbc,3600,360,2020-06-22 22:30:00+00:00,2020-09-21 22:30:00+00:00
KK_RFR_ADAUSD,Q22020,real_time,"bnus,btrx,cexi,krkn",ada,300,30,2020-06-22 22:30:00+00:00,2020-09-21 22:30:00+00:00
KK_RFR_ADAUSD_LDN,Q22020,index_fixing,"bnus,btrx,cexi,krkn",ada,3600,360,2020-06-22 22:30:00+00:00,2020-09-21 22:30:00+00:00
KK_RFR_ADAUSD_LDNLF,Q22020,index_fixing,"bnus,btrx,cexi,krkn",ada,3600,360,2020-06-22 22:30:00+00:00,2020-09-21 22:30:00+00:00
KK_RFR_ADAUSD_NYC,Q22020,index_fixing,"bnus,btrx,cexi,krkn",ada,3600,360,2020-06-22 22:30:00+00:00,2020-09-21 22:30:00+00:00
KK_RFR_ADAUSD_SGP,Q22020,index_fixing,"bnus,btrx,cexi,krkn",ada,3600,360,2020-06-22 22:30:00+00:00,2020-09-21 22:30:00+00:00
KK_RFR_AGLDUSD,Q22020,real_time,btca,agld,300,30,2020-06-22 22:30:00+00:00,2020-09-21 22:30:00+00:00
KK_RFR_AGLDUSD_LDN,Q22020,index_fixing,btca,agld,3600,360,2020-06-22 22:30:00+00:00,2020-09-21 22:30:00+00:00
KK_RFR_AGLDUSD_NYC,Q22020,index_fixing,btca,agld,3600,360,2020-06-22 22:30:00+00:00,2020-09-21 22:30:00+00:00
KK_RFR_AGLDUSD_SGP,Q22020,index_fixing,btca,agld,3600,360,2020-06-22 22:30:00+00:00,2020-09-21 22:30:00+00:00
KK_RFR_ALGOUSD,Q22020,real_time,"bfnx,bnus,cbse,krkn",algo,300,30,2020-06-22 22:30:00+00:00,2020-09-21 22:30:00+00:00
KK_RFR_ALGOUSD_LDN,Q22020,index_fixing,"bfnx,bnus,cbse,krkn",algo,3600,360,2020-06-22 22:30:00+00:00,2020-09-21 22:30:00+00:00
KK_RFR_ALGOUSD_LDNLF,Q22020,index_fixing,"bfnx,bnus,cbse,krkn",algo,3600,360,2020-06-22 22:30:00+00:00,2020-09-21 22:30:00+00:00
KK_RFR_ALGOUSD_NYC,Q22020,index_fixing,"bfnx,bnus,cbse,krkn",algo,3600,360,2020-06-22 22:30:00+00:00,2020-09-21 22:30:00+00:00
KK_RFR_ALGOUSD_SGP,Q22020,index_fixing,"bfnx,bnus,cbse,krkn",algo,3600,360,2020-06-22 22:30:00+00:00,2020-09-21 22:30:00+00:00
KK_RFR_AMPLUSD,Q22020,real_time,bfnx,ampl,300,30,2020-06-22 22:30:00+00:00,2020-09-21 22:30:00+00:00
KK_RFR_AMPLUSD_LDN,Q22020,index_fixing,bfnx,ampl,3600,360,2020-06-22 22:30:00+00:00,2020-09-21 22:30:00+00:00
KK_RFR_AMPLUSD_NYC,Q22020,index_fixing,bfnx,ampl,3600,360,2020-06-22 22:30:00+00:00,2020-09-21 22:30:00+00:00
KK_RFR_AMPLUSD_SGP,Q22020,index_fixing,bfnx,ampl,3600,360,2020-06-22 22:30:00+00:00,2020-09-21 22:30:00+00:00
KK_RFR_ANTUSD,Q22020,real_time,bfnx,ant,300,30,2020-06-22 22:30:00+00:00,2020-09-21 22:30:00+00:00
KK_RFR_ANTUSD_LDN,Q22020,index_fixing,bfnx,ant,3600,360,2020-06-22 22:30:00+00:00,2020-09-21 22:30:00+00:00
KK_RFR_ANTUSD_NYC,Q22020,index_fixing,bfnx,ant,3600,360,2020-06-22 22:30:00+00:00,2020-09-21 22:30:00+00:00
KK_RFR_ANTUSD_SGP,Q22020,index_fixing,bfnx,ant,3600,360,2020-06-22 22:30:00+00:00,2020-09-21 22:30:00+00:00
KK_RFR_ASTUSD,Q22020,real_time,bfnx,ast,300,30,2020-06-22 22:30:00+00:00,2020-09-21 22:30:00+00:00
KK_RFR_ASTUSD_LDN,Q22020,index_fixing,bfnx,ast,3600,360,2020-06-22 22:30:00+00:00,2020-09-21 22:30:00+00:00
KK_RFR_ASTUSD_NYC,Q22020,index_fixing,bfnx,ast,3600,360,2020-06-22 22:30:00+00:00,2020-09-21 22:30:00+00:00
KK_RFR_ASTUSD_SGP,Q22020,index_fixing,bfnx,ast,3600,360,2020-06-22 22:30:00+00:00,2020-09-21 22:30:00+00:00
KK_RFR_ATOMUSD,Q22020,real_time,"bfnx,bnus,cbse,krkn",atom,300,30,2020-06-22 22:30:00+00:00,2020-09-21 22:30:00+00:00
KK_RFR_ATOMUSD_LDN,Q22020,index_fixing,"bfnx,bnus,cbse,krkn",atom,3600,360,2020-06-22 22:30:00+00:00,2020-09-21 22:30:00+00:00
KK_RFR_ATOMUSD_LDNLF,Q22020,index_fixing,"bfnx,bnus,cbse,krkn",atom,3600,360,2020-06-22 22:30:00+00:00,2020-09-21 22:30:00+00:00
KK_RFR_ATOMUSD_NYC,Q22020,index_fixing,"bfnx,bnus,cbse,krkn",atom,3600,360,2020-06-22 22:30:00+00:00,2020-09-21 22:30:00+00:00
KK_RFR_ATOMUSD_SGP,Q22020,index_fixing,"bfnx,bnus,cbse,krkn",atom,3600,360,2020-06-22 22:30:00+00:00,2020-09-21 22:30:00+00:00
KK_RFR_AVTUSD,Q22020,real_time,bfnx,avt,300,30,2020-06-22 22:30:00+00:00,2020-09-21 22:30:00+00:00
KK_RFR_AVTUSD_LDN,Q22020,index_fixing,bfnx,avt,3600,360,2020-06-22 22:30:00+00:00,2020-09-21 22:30:00+00:00
KK_RFR_AVTUSD_NYC,Q22020,index_fixing,bfnx,avt,3600,360,2020-06-22 22:30:00+00:00,2020-09-21 22:30:00+00:00
KK_RFR_AVTUSD_SGP,Q22020,index_fixing,bfnx,avt,3600,360,2020-06-22 22:30:00+00:00,2020-09-21 22:30:00+00:00
KK_RFR_BATUSD,Q22020,real_time,"bfnx,bnus,btrx,gmni,krkn",bat,300,30,2020-06-22 22:30:00+00:00,2020-09-21 22:30:00+00:00
KK_RFR_BATUSD_LDN,Q22020,index_fixing,"bfnx,bnus,btrx,gmni,krkn",bat,3600,360,2020-06-22 22:30:00+00:00,2020-09-21 22:30:00+00:00
KK_RFR_BATUSD_LDNLF,Q22020,index_fixing,"bfnx,bnus,btrx,gmni,krkn",bat,3600,360,2020-06-22 22:30:00+00:00,2020-09-21 22:30:00+00:00
KK_RFR_BATUSD_NYC,Q22020,index_fixing,"bfnx,bnus,btrx,gmni,krkn",bat,3600,360,2020-06-22 22:30:00+00:00,2020-09-21 22:30:00+00:00
KK_RFR_BATUSD_SGP,Q22020,index_fixing,"bfnx,bnus,btrx,gmni,krkn",bat,3600,360,2020-06-22 22:30:00+00:00,2020-09-21 22:30:00+00:00
KK_RFR_BCHABCUSD,Q22020,real_time,bfnx,bchabc,300,30,2020-06-22 22:30:00+00:00,2020-09-21 22:30:00+00:00
KK_RFR_BCHABCUSD_LDN,Q22020,index_fixing,bfnx,bchabc,3600,360,2020-06-22 22:30:00+00:00,2020-09-21 22:30:00+00:00
KK_RFR_BCHABCUSD_NYC,Q22020,index_fixing,bfnx,bchabc,3600,360,2020-06-22 22:30:00+00:00,2020-09-21 22:30:00+00:00
KK_RFR_BCHABCUSD_SGP,Q22020,index_fixing,bfnx,bchabc,3600,360,2020-06-22 22:30:00+00:00,2020-09-21 22:30:00+00:00
KK_RFR_BCHSVUSD,Q22020,real_time,yobt,bchsv,300,30,2020-06-22 22:30:00+00:00,2020-09-21 22:30:00+00:00
KK_RFR_BCHSVUSD_LDN,Q22020,index_fixing,yobt,bchsv,3600,360,2020-06-22 22:30:00+00:00,2020-09-21 22:30:00+00:00
KK_RFR_BCHSVUSD_NYC,Q22020,index_fixing,yobt,bchsv,3600,360,2020-06-22 22:30:00+00:00,2020-09-21 22:30:00+00:00
KK_RFR_BCHSVUSD_SGP,Q22020,index_fixing,yobt,bchsv,3600,360,2020-06-22 22:30:00+00:00,2020-09-21 22:30:00+00:00
KK_RFR_BCHUSD,Q22020,real_time,"cbse,ftxx,krkn,lmax,stmp",bch,300,30,2020-06-22 22:30:00+00:00,2020-09-21 22:30:00+00:00
KK_RFR_BCHUSD_LDN,Q22020,index_fixing,"cbse,gmni,krkn,lmax,stmp",bch,3600,360,2020-06-22 22:30:00+00:00,2020-09-21 22:30:00+00:00
KK_RFR_BCHUSD_LDNLF,Q22020,index_fixing,"cbse,gmni,krkn,lmax,stmp",bch,3600,360,2020-06-22 22:30:00+00:00,2020-09-21 22:30:00+00:00
KK_RFR_BCHUSD_NYC,Q22020,index_fixing,"cbse,gmni,krkn,lmax,stmp",bch,3600,360,2020-06-22 22:30:00+00:00,2020-09-21 22:30:00+00:00
KK_RFR_BCHUSD_SGP,Q22020,index_fixing,"cbse,gmni,krkn,lmax,stmp",bch,3600,360,2020-06-22 22:30:00+00:00,2020-09-21 22:30:00+00:00
KK_RFR_BNBUSD,Q22020,real_time,"bnus,ftxx",bnb,300,30,2020-06-22 22:30:00+00:00,2020-09-21 22:30:00+00:00
KK_RFR_BNBUSD_1S,Q22020,real_time,"bnus,ftxx",bnb,300,30,2020-06-22 22:30:00+00:00,2020-09-21 22:30:00+00:00
KK_RFR_BNBUSD_LDN,Q22020,index_fixing,"bnus,ftxx",bnb,3600,360,2020-06-22 22:30:00+00:00,2020-09-21 22:30:00+00:00
KK_RFR_BNBUSD_LDNLF,Q22020,index_fixing,"bnus,ftxx",bnb,3600,360,2020-06-22 22:30:00+00:00,2020-09-21 22:30:00+00:00
KK_RFR_BNBUSD_NYC,Q22020,index_fixing,"bnus,ftxx",bnb,3600,360,2020-06-22 22:30:00+00:00,2020-09-21 22:30:00+00:00
KK_RFR_BNBUSD_SGP,Q22020,index_fixing,"bnus,ftxx",bnb,3600,360,2020-06-22 22:30:00+00:00,2020-09-21 22:30:00+00:00
KK_RFR_BNTUSD,Q22020,real_time,bfnx,bnt,300,30,2020-06-22 22:30:00+00:00,2020-09-21 22:30:00+00:00
KK_RFR_BNTUSD_LDN,Q22020,index_fixing,bfnx,bnt,3600,360,2020-06-22 22:30:00+00:00,2020-09-21 22:30:00+00:00
KK_RFR_BNTUSD_NYC,Q22020,index_fixing,bfnx,bnt,3600,360,2020-06-22 22:30:00+00:00,2020-09-21 22:30:00+00:00
KK_RFR_BNTUSD_SGP,Q22020,index_fixing,bfnx,bnt,3600,360,2020-06-22 22:30:00+00:00,2020-09-21 22:30:00+00:00
KK_RFR_BORAUSDT,Q22020,real_time,bgon,bora,300,30,2020-06-22 22:30:00+00:00,2020-09-21 22:30:00+00:00
KK_RFR_BORAUSDT_LDN,Q22020,index_fixing,bgon,bora,3600,360,2020-06-22 22:30:00+00:00,2020-09-21 22:30:00+00:00
KK_RFR_BORAUSDT_NYC,Q22020,index_fixing,bgon,bora,3600,360,2020-06-22 22:30:00+00:00,2020-09-21 22:30:00+00:00
KK_RFR_BORAUSDT_SGP,Q22020,index_fixing,bgon,bora,3600,360,2020-06-22 22:30:00+00:00,2020-09-21 22:30:00+00:00
KK_RFR_BSVUSD,Q22020,real_time,"bfnx,btrx,okcn",bsv,300,30,2020-06-22 22:30:00+00:00,2020-09-21 22:30:00+00:00
KK_RFR_BSVUSD_LDN,Q22020,index_fixing,"bfnx,btrx,okcn",bsv,3600,360,2020-06-22 22:30:00+00:00,2020-09-21 22:30:00+00:00
KK_RFR_BSVUSD_LDNLF,Q22020,index_fixing,"bfnx,btrx,okcn",bsv,3600,360,2020-06-22 22:30:00+00:00,2020-09-21 22:30:00+00:00
KK_RFR_BSVUSD_NYC,Q22020,index_fixing,"bfnx,btrx,okcn",bsv,3600,360,2020-06-22 22:30:00+00:00,2020-09-21 22:30:00+00:00
KK_RFR_BSVUSD_SGP,Q22020,index_fixing,"bfnx,btrx,okcn",bsv,3600,360,2020-06-22 22:30:00+00:00,2020-09-21 22:30:00+00:00
KK_RFR_BTCKRW,Q22020,real_time,"bthb,cone,korb,upbt",btc,3600,360,2020-06-22 22:30:00+00:00,2020-09-21 22:30:00+00:00
KK_RFR_BTCKRW_LDN,Q22020,index_fixing,"bthb,cone,korb,upbt",btc,3600,360,2020-06-22 22:30:00+00:00,2020-09-21 22:30:00+00:00
KK_RFR_BTCKRW_NYC,Q22020,index_fixing,"bthb,cone,korb,upbt",btc,3600,360,2020-06-22 22:30:00+00:00,2020-09-21 22:30:00+00:00
KK_RFR_BTCKRW_SGP,Q22020,index_fixing,"bthb,cone,korb,upbt",btc,3600,360,2020-06-22 22:30:00+00:00,2020-09-21 22:30:00+00:00
KK_RFR_BTCUSD,Q22020,real_time,"cbse,bfnx,stmp,krkn,lmax",btc,300,30,2020-06-22 22:30:00+00:00,2020-09-21 22:30:00+00:00
KK_RFR_BTCUSD_1S,Q22020,real_time,"cbse,bfnx,stmp,krkn,lmax",btc,300,30,2020-06-22 22:30:00+00:00,2020-09-21 22:30:00+00:00
KK_RFR_BTCUSD_LDN,Q22020,index_fixing,"bfnx,cbse,krkn,lmax,stmp",btc,3600,360,2020-06-22 22:30:00+00:00,2020-09-21 22:30:00+00:00
KK_RFR_BTCUSD_LDNLF,Q22020,index_fixing,"bfnx,cbse,krkn,lmax,stmp",btc,3600,360,2020-06-22 22:30:00+00:00,2020-09-21 22:30:00+00:00
KK_RFR_BTCUSD_NYC,Q22020,index_fixing,"bfnx,cbse,krkn,lmax,stmp",btc,3600,360,2020-06-22 22:30:00+00:00,2020-09-21 22:30:00+00:00
KK_RFR_BTCUSD_SGP,Q22020,index_fixing,"bfnx,cbse,krkn,lmax,stmp",btc,3600,360,2020-06-22 22:30:00+00:00,2020-09-21 22:30:00+00:00
KK_RFR_BTGUSD,Q22020,real_time,"bfnx,cexi",btg,300,30,2020-06-22 22:30:00+00:00,2020-09-21 22:30:00+00:00
KK_RFR_BTGUSD_LDN,Q22020,index_fixing,"bfnx,cexi",btg,3600,360,2020-06-22 22:30:00+00:00,2020-09-21 22:30:00+00:00
KK_RFR_BTGUSD_LDNLF,Q22020,index_fixing,"bfnx,cexi",btg,3600,360,2020-06-22 22:30:00+00:00,2020-09-21 22:30:00+00:00
KK_RFR_BTGUSD_NYC,Q22020,index_fixing,"bfnx,cexi",btg,3600,360,2020-06-22 22:30:00+00:00,2020-09-21 22:30:00+00:00
KK_RFR_BTGUSD_SGP,Q22020,index_fixing,"bfnx,cexi",btg,3600,360,2020-06-22 22:30:00+00:00,2020-09-21 22:30:00+00:00
KK_RFR_BTTUSD,Q22020,real_time,"bfnx,cexi",btt,300,30,2020-06-22 22:30:00+00:00,2020-09-21 22:30:00+00:00
KK_RFR_BTTUSD_LDN,Q22020,index_fixing,"bfnx,cexi",btt,3600,360,2020-06-22 22:30:00+00:00,2020-09-21 22:30:00+00:00
KK_RFR_BTTUSD_LDNLF,Q22020,index_fixing,"bfnx,cexi",btt,3600,360,2020-06-22 22:30:00+00:00,2020-09-21 22:30:00+00:00
KK_RFR_BTTUSD_NYC,Q22020,index_fixing,"bfnx,cexi",btt,3600,360,2020-06-22 22:30:00+00:00,2020-09-21 22:30:00+00:00
KK_RFR_BTTUSD_SGP,Q22020,index_fixing,"bfnx,cexi",btt,3600,360,2020-06-22 22:30:00+00:00,2020-09-21 22:30:00+00:00
KK_RFR_CHZUSD,Q22020,real_time,bfnx,chz,300,30,2020-06-22 22:30:00+00:00,2020-09-21 22:30:00+00:00
KK_RFR_CHZUSD_LDN,Q22020,index_fixing,bfnx,chz,3600,360,2020-06-22 22:30:00+00:00,2020-09-21 22:30:00+00:00
KK_RFR_CHZUSD_LDNLF,Q22020,index_fixing,bfnx,chz,3600,360,2020-06-22 22:30:00+00:00,2020-09-21 22:30:00+00:00
KK_RFR_CHZUSD_NYC,Q22020,index_fixing,bfnx,chz,3600,360,2020-06-22 22:30:00+00:00,2020-09-21 22:30:00+00:00
KK_RFR_CHZUSD_SGP,Q22020,index_fixing,bfnx,chz,3600,360,2020-06-22 22:30:00+00:00,2020-09-21 22:30:00+00:00
KK_RFR_CVXUSD,Q22020,real_time,cucy,cvx,300,30,2020-06-22 22:30:00+00:00,2020-09-21 22:30:00+00:00
KK_RFR_CVXUSD_LDN,Q22020,index_fixing,cucy,cvx,3600,360,2020-06-22 22:30:00+00:00,2020-09-21 22:30:00+00:00
KK_RFR_CVXUSD_NYC,Q22020,index_fixing,cucy,cvx,3600,360,2020-06-22 22:30:00+00:00,2020-09-21 22:30:00+00:00
KK_RFR_CVXUSD_SGP,Q22020,index_fixing,cucy,cvx,3600,360,2020-06-22 22:30:00+00:00,2020-09-21 22:30:00+00:00
KK_RFR_DAIUSD,Q22020,real_time,"bequ,bfnx,cbse,krkn,okcn",dai,300,30,2020-06-22 22:30:00+00:00,2020-09-21 22:30:00+00:00
KK_RFR_DAIUSD_LDN,Q22020,index_fixing,"bfnx,cbse,gmni,krkn,okcn",dai,3600,360,2020-06-22 22:30:00+00:00,2020-09-21 22:30:00+00:00
KK_RFR_DAIUSD_NYC,Q22020,index_fixing,"bequ,bfnx,cbse,krkn,okcn",dai,3600,360,2020-06-22 22:30:00+00:00,2020-09-21 22:30:00+00:00
KK_RFR_DAIUSD_SGP,Q22020,index_fixing,"bequ,bfnx,cbse,krkn,okcn",dai,3600,360,2020-06-22 22:30:00+00:00,2020-09-21 22:30:00+00:00
KK_RFR_DASHUSD,Q22020,real_time,"bfnx,bnus,cbse,krkn",dash,300,30,2020-06-22 22:30:00+00:00,2020-09-21 22:30:00+00:00
KK_RFR_DASHUSD_LDN,Q22020,index_fixing,"bfnx,bnus,cbse,krkn",dash,3600,360,2020-06-22 22:30:00+00:00,2020-09-21 22:30:00+00:00
KK_RFR_DASHUSD_LDNLF,Q22020,index_fixing,"bfnx,bnus,cbse,krkn",dash,3600,360,2020-06-22 22:30:00+00:00,2020-09-21 22:30:00+00:00
KK_RFR_DASHUSD_NYC,Q22020,index_fixing,"bfnx,bnus,cbse,krkn",dash,3600,360,2020-06-22 22:30:00+00:00,2020-09-21 22:30:00+00:00
KK_RFR_DASHUSD_SGP,Q22020,index_fixing,"bfnx,bnus,cbse,krkn",dash,3600,360,2020-06-22 22:30:00+00:00,2020-09-21 22:30:00+00:00
KK_RFR_DCRUSDT_LDNLF,Q22020,index_fixing,"btrx,cnex,huob",dcr,3600,360,2020-06-22 22:30:00+00:00,2020-09-21 22:30:00+00:00
KK_RFR_DGBUSD,Q22020,real_time,"bfnx,btrx",dgb,300,30,2020-06-22 22:30:00+00:00,2020-09-21 22:30:00+00:00
KK_RFR_DGBUSD_LDN,Q22020,index_fixing,"bfnx,btrx",dgb,3600,360,2020-06-22 22:30:00+00:00,2020-09-21 22:30:00+00:00
KK_RFR_DGBUSD_NYC,Q22020,index_fixing,"bfnx,btrx",dgb,3600,360,2020-06-22 22:30:00+00:00,2020-09-21 22:30:00+00:00
KK_RFR_DGBUSD_SGP,Q22020,index_fixing,"bfnx,btrx",dgb,3600,360,2020-06-22 22:30:00+00:00,2020-09-21 22:30:00+00:00
KK_RFR_DOGEUSD,Q22020,real_time,"krkn,yobt",doge,300,30,2020-06-22 22:30:00+00:00,2020-09-21 22:30:00+00:00
KK_RFR_DOGEUSD_1S,Q22020,real_time,"krkn,yobt",doge,300,30,2020-06-22 22:30:00+00:00,2020-09-21 22:30:00+00:00
KK_RFR_DOGEUSD_LDN,Q22020,index_fixing,"krkn,yobt",doge,3600,360,2020-06-22 22:30:00+00:00,2020-09-21 22:30:00+00:00
KK_RFR_DOGEUSD_LDNLF,Q22020,index_fixing,"krkn,yobt",doge,3600,360,2020-06-22 22:30:00+00:00,2020-09-21 22:30:00+00:00
KK_RFR_DOGEUSD_NYC,Q22020,index_fixing,"krkn,yobt",doge,3600,360,2020-06-22 22:30:00+00:00,2020-09-21 22:30:00+00:00
KK_RFR_DOGEUSD_SGP,Q22020,index_fixing,"krkn,yobt",doge,3600,360,2020-06-22 22:30:00+00:00,2020-09-21 22:30:00+00:00
KK_RFR_DUSKUSD,Q22020,real_time,bfnx,dusk,300,30,2020-06-22 22:30:00+00:00,2020-09-21 22:30:00+00:00
KK_RFR_DUSKUSD_LDN,Q22020,index_fixing,bfnx,dusk,3600,360,2020-06-22 22:30:00+00:00,2020-09-21 22:30:00+00:00
KK_RFR_DUSKUSD_NYC,Q22020,index_fixing,bfnx,dusk,3600,360,2020-06-22 22:30:00+00:00,2020-09-21 22:30:00+00:00
KK_RFR_DUSKUSD_SGP,Q22020,index_fixing,bfnx,dusk,3600,360,2020-06-22 22:30:00+00:00,2020-09-21 22:30:00+00:00
KK_RFR_ENJUSD,Q22020,real_time,"bnus,btrx",enj,300,30,2020-06-22 22:30:00+00:00,2020-09-21 22:30:00+00:00
KK_RFR_ENJUSD_LDN,Q22020,index_fixing,"bnus,btrx",enj,3600,360,2020-06-22 22:30:00+00:00,2020-09-21 22:30:00+00:00
KK_RFR_ENJUSD_LDNLF,Q22020,index_fixing,"bnus,btrx",enj,3600,360,2020-06-22 22:30:00+00:00,2020-09-21 22:30:00+00:00
KK_RFR_ENJUSD_NYC,Q22020,index_fixing,"bnus,btrx",enj,3600,360,2020-06-22 22:30:00+00:00,2020-09-21 22:30:00+00:00
KK_RFR_ENJUSD_SGP,Q22020,index_fixing,"bnus,btrx",enj,3600,360,2020-06-22 22:30:00+00:00,2020-09-21 22:30:00+00:00
KK_RFR_EOSUSD,Q22020,real_time,"bequ,bfnx,cbse,krkn",eos,300,30,2020-06-22 22:30:00+00:00,2020-09-21 22:30:00+00:00
KK_RFR_EOSUSD_LDN,Q22020,index_fixing,"bequ,bfnx,cbse,krkn",eos,3600,360,2020-06-22 22:30:00+00:00,2020-09-21 22:30:00+00:00
KK_RFR_EOSUSD_LDNLF,Q22020,index_fixing,"bequ,bfnx,cbse,krkn",eos,3600,360,2020-06-22 22:30:00+00:00,2020-09-21 22:30:00+00:00
KK_RFR_EOSUSD_NYC,Q22020,index_fixing,"bequ,bfnx,cbse,krkn",eos,3600,360,2020-06-22 22:30:00+00:00,2020-09-21 22:30:00+00:00
KK_RFR_EOSUSD_SGP,Q22020,index_fixing,"bequ,bfnx,cbse,krkn",eos,3600,360,2020-06-22 22:30:00+00:00,2020-09-21 22:30:00+00:00
KK_RFR_ETCUSD,Q22020,real_time,"bfnx,bnus,btrx,cbse,krkn",etc,300,30,2020-06-22 22:30:00+00:00,2020-09-21 22:30:00+00:00
KK_RFR_ETCUSD_LDN,Q22020,index_fixing,"bfnx,bnus,btrx,cbse,krkn",etc,3600,360,2020-06-22 22:30:00+00:00,2020-09-21 22:30:00+00:00
KK_RFR_ETCUSD_LDNLF,Q22020,index_fixing,"bfnx,bnus,btrx,cbse,krkn",etc,3600,360,2020-06-22 22:30:00+00:00,2020-09-21 22:30:00+00:00
KK_RFR_ETCUSD_NYC,Q22020,index_fixing,"bfnx,bnus,btrx,cbse,krkn",etc,3600,360,2020-06-22 22:30:00+00:00,2020-09-21 22:30:00+00:00
KK_RFR_ETCUSD_SGP,Q22020,index_fixing,"bfnx,bnus,btrx,cbse,krkn",etc,3600,360,2020-06-22 22:30:00+00:00,2020-09-21 22:30:00+00:00
KK_RFR_ETHKRW,Q22020,real_time,"bthb,cone,upbt",eth,3600,360,2020-06-22 22:30:00+00:00,2020-09-21 22:30:00+00:00
KK_RFR_ETHKRW_LDN,Q22020,index_fixing,"bthb,cone,upbt",eth,3600,360,2020-06-22 22:30:00+00:00,2020-09-21 22:30:00+00:00
KK_RFR_ETHKRW_NYC,Q22020,index_fixing,"bthb,cone,upbt",eth,3600,360,2020-06-22 22:30:00+00:00,2020-09-21 22:30:00+00:00
KK_RFR_ETHKRW_SGP,Q22020,index_fixing,"bthb,cone,upbt",eth,3600,360,2020-06-22 22:30:00+00:00,2020-09-21 22:30:00+00:00
KK_RFR_ETHUSD,Q22020,real_time,"cbse,bfnx,krkn,stmp,lmax",eth,300,30,2020-06-22 22:30:00+00:00,2020-09-21 22:30:00+00:00
KK_RFR_ETHUSD_1S,Q22020,real_time,"cbse,bfnx,krkn,stmp,lmax",eth,300,30,2020-06-22 22:30:00+00:00,2020-09-21 22:30:00+00:00
KK_RFR_ETHUSD_LDN,Q22020,index_fixing,"bfnx,cbse,krkn,lmax,stmp",eth,3600,360,2020-06-22 22:30:00+00:00,2020-09-21 22:30:00+00:00
KK_RFR_ETHUSD_LDNLF,Q22020,index_fixing,"bfnx,cbse,krkn,lmax,stmp",eth,3600,360,2020-06-22 22:30:00+00:00,2020-09-21 22:30:00+00:00
KK_RFR_ETHUSD_NYC,Q22020,index_fixing,"bfnx,cbse,krkn,lmax,stmp",eth,3600,360,2020-06-22 22:30:00+00:00,2020-09-21 22:30:00+00:00
KK_RFR_ETHUSD_SGP,Q22020,index_fixing,"bfnx,cbse,krkn,lmax,stmp",eth,3600,360,2020-06-22 22:30:00+00:00,2020-09-21 22:30:00+00:00
KK_RFR_EURTUSD,Q22020,real_time,bfnx,eurt,300,30,2020-06-22 22:30:00+00:00,2020-09-21 22:30:00+00:00
KK_RFR_EURTUSD_LDN,Q22020,index_fixing,bfnx,eurt,3600,360,2020-06-22 22:30:00+00:00,2020-09-21 22:30:00+00:00
KK_RFR_EURTUSD_NYC,Q22020,index_fixing,bfnx,eurt,3600,360,2020-06-22 22:30:00+00:00,2020-09-21 22:30:00+00:00
KK_RFR_EURTUSD_SGP,Q22020,index_fixing,bfnx,eurt,3600,360,2020-06-22 22:30:00+00:00,2020-09-21 22:30:00+00:00
KK_RFR_EURUSDT_LDNLF,Q22020,index_fixing,"bequ,binc",eur,3600,360,2020-06-22 22:30:00+00:00,2020-09-21 22:30:00+00:00
KK_RFR_FLRUSD,Q22020,real_time,cucy,flr,300,30,2020-06-22 22:30:00+00:00,2020-09-21 22:30:00+00:00
KK_RFR_FLRUSD_LDN,Q22020,index_fixing,cucy,flr,3600,360,2020-06-22 22:30:00+00:00,2020-09-21 22:30:00+00:00
KK_RFR_FLRUSD_LDNLF,Q22020,index_fixing,cucy,flr,3600,360,2020-06-22 22:30:00+00:00,2020-09-21 22:30:00+00:00
KK_RFR_FLRUSD_NYC,Q22020,index_fixing,cucy,flr,3600,360,2020-06-22 22:30:00+00:00,2020-09-21 22:30:00+00:00
KK_RFR_FLRUSD_SGP,Q22020,index_fixing,cucy,flr,3600,360,2020-06-22 22:30:00+00:00,2020-09-21 22:30:00+00:00
KK_RFR_FTTUSD,Q22020,real_time,"bfnx,ftxx",ftt,300,30,2020-06-22 22:30:00+00:00,2020-09-21 22:30:00+00:00
KK_RFR_FTTUSD_LDN,Q22020,index_fixing,"bfnx,ftxx",ftt,3600,360,2020-06-22 22:30:00+00:00,2020-09-21 22:30:00+00:00
KK_RFR_FTTUSD_NYC,Q22020,index_fixing,"bfnx,ftxx",ftt,3600,360,2020-06-22 22:30:00+00:00,2020-09-21 22:30:00+00:00
KK_RFR_FTTUSD_SGP,Q22020,index_fixing,"bfnx,ftxx",ftt,3600,360,2020-06-22 22:30:00+00:00,2020-09-21 22:30:00+00:00
KK_RFR_FUNUSD,Q22020,real_time,bfnx,fun,300,30,2020-06-22 22:30:00+00:00,2020-09-21 22:30:00+00:00
KK_RFR_FUNUSD_LDN,Q22020,index_fixing,bfnx,fun,3600,360,2020-06-22 22:30:00+00:00,2020-09-21 22:30:00+00:00
KK_RFR_FUNUSD_NYC,Q22020,index_fixing,bfnx,fun,3600,360,2020-06-22 22:30:00+00:00,2020-09-21 22:30:00+00:00
KK_RFR_FUNUSD_SGP,Q22020,index_fixing,bfnx,fun,3600,360,2020-06-22 22:30:00+00:00,2020-09-21 22:30:00+00:00
KK_RFR_GASUSD,Q22020,real_time,cexi,gas,300,30,2020-06-22 22:30:00+00:00,2020-09-21 22:30:00+00:00
KK_RFR_GASUSD_LDN,Q22020,index_fixing,cexi,gas,3600,360,2020-06-22 22:30:00+00:00,2020-09-21 22:30:00+00:00
KK_RFR_GASUSD_LDNLF,Q22020,index_fixing,cexi,gas,3600,360,2020-06-22 22:30:00+00:00,2020-09-21 22:30:00+00:00
KK_RFR_GASUSD_NYC,Q22020,index_fixing,cexi,gas,3600,360,2020-06-22 22:30:00+00:00,2020-09-21 22:30:00+00:00
KK_RFR_GASUSD_SGP,Q22020,index_fixing,cexi,gas,3600,360,2020-06-22 22:30:00+00:00,2020-09-21 22:30:00+00:00
KK_RFR_GNOUSD,Q22020,real_time,"bfnx,krkn",gno,300,30,2020-06-22 22:30:00+00:00,2020-09-21 22:30:00+00:00
KK_RFR_GNOUSD_LDN,Q22020,index_fixing,"bfnx,krkn",gno,3600,360,2020-06-22 22:30:00+00:00,2020-09-21 22:30:00+00:00
KK_RFR_GNOUSD_LDNLF,Q22020,index_fixing,"bfnx,krkn",gno,3600,360,2020-06-22 22:30:00+00:00,2020-09-21 22:30:00+00:00
KK_RFR_GNOUSD_NYC,Q22020,index_fixing,"bfnx,krkn",gno,3600,360,2020-06-22 22:30:00+00:00,2020-09-21 22:30:00+00:00
KK_RFR_GNOUSD_SGP,Q22020,index_fixing,"bfnx,krkn",gno,3600,360,2020-06-22 22:30:00+00:00,2020-09-21 22:30:00+00:00
KK_RFR_GOOGLUSD,Q22020,real_time,cucy,googl,300,30,2020-06-22 22:30:00+00:00,2020-09-21 22:30:00+00:00
KK_RFR_GOOGLUSD_LDN,Q22020,index_fixing,cucy,googl,3600,360,2020-06-22 22:30:00+00:00,2020-09-21 22:30:00+00:00
KK_RFR_GOOGLUSD_NYC,Q22020,index_fixing,cucy,googl,3600,360,2020-06-22 22:30:00+00:00,2020-09-21 22:30:00+00:00
KK_RFR_GOOGLUSD_SGP,Q22020,index_fixing,cucy,googl,3600,360,2020-06-22 22:30:00+00:00,2020-09-21 22:30:00+00:00
KK_RFR_GTXUSD,Q22020,real_time,bfnx,gtx,300,30,2020-06-22 22:30:00+00:00,2020-09-21 22:30:00+00:00
KK_RFR_GTXUSD_LDN,Q22020,index_fixing,bfnx,gtx,3600,360,2020-06-22 22:30:00+00:00,2020-09-21 22:30:00+00:00
KK_RFR_GTXUSD_NYC,Q22020,index_fixing,bfnx,gtx,3600,360,2020-06-22 22:30:00+00:00,2020-09-21 22:30:00+00:00
KK_RFR_GTXUSD_SGP,Q22020,index_fixing,bfnx,gtx,3600,360,2020-06-22 22:30:00+00:00,2020-09-21 22:30:00+00:00
KK_RFR_GUSDUSD,Q22020,real_time,"bfnx,cexi",gusd,300,30,2020-06-22 22:30:00+00:00,2020-09-21 22:30:00+00:00
KK_RFR_GUSDUSD_LDN,Q22020,index_fixing,"bfnx,cexi",gusd,3600,360,2020-06-22 22:30:00+00:00,2020-09-21 22:30:00+00:00
KK_RFR_GUSDUSD_NYC,Q22020,index_fixing,"bfnx,cexi",gusd,3600,360,2020-06-22 22:30:00+00:00,2020-09-21 22:30:00+00:00
KK_RFR_GUSDUSD_SGP,Q22020,index_fixing,"bfnx,cexi",gusd,3600,360,2020-06-22 22:30:00+00:00,2020-09-21 22:30:00+00:00
KK_RFR_HBARUSD,Q22020,real_time,"bnus,btrx,hitb,okcn,quon",hbar,300,30,2020-06-22 22:30:00+00:00,2020-09-21 22:30:00+00:00
KK_RFR_HBARUSD_LDN,Q22020,index_fixing,"bnus,btrx,hitb,okcn,quon",hbar,3600,360,2020-06-22 22:30:00+00:00,2020-09-21 22:30:00+00:00
KK_RFR_HBARUSD_LDNLF,Q22020,index_fixing,"bnus,btrx,hitb,okcn,quon",hbar,3600,360,2020-06-22 22:30:00+00:00,2020-09-21 22:30:00+00:00
KK_RFR_HBARUSD_NYC,Q22020,index_fixing,"bnus,btrx,hitb,okcn,quon",hbar,3600,360,2020-06-22 22:30:00+00:00,2020-09-21 22:30:00+00:00
KK_RFR_HBARUSD_SGP,Q22020,index_fixing,"bnus,btrx,hitb,okcn,quon",hbar,3600,360,2020-06-22 22:30:00+00:00,2020-09-21 22:30:00+00:00
KK_RFR_HIVEUSDT,Q22020,real_time,"binc,huob",hive,300,30,2020-06-22 22:30:00+00:00,2020-09-21 22:30:00+00:00
KK_RFR_HIVEUSDT_LDN,Q22020,index_fixing,"binc,huob",hive,3600,360,2020-06-22 22:30:00+00:00,2020-09-21 22:30:00+00:00
KK_RFR_HIVEUSDT_NYC,Q22020,index_fixing,"binc,huob",hive,3600,360,2020-06-22 22:30:00+00:00,2020-09-21 22:30:00+00:00
KK_RFR_HIVEUSDT_SGP,Q22020,index_fixing,"binc,huob",hive,3600,360,2020-06-22 22:30:00+00:00,2020-09-21 22:30:00+00:00
KK_RFR_ICXUSD,Q22020,real_time,"bnus,krkn",icx,300,30,2020-06-22 22:30:00+00:00,2020-09-21 22:30:00+00:00
KK_RFR_ICXUSD_LDN,Q22020,index_fixing,"bnus,krkn",icx,3600,360,2020-06-22 22:30:00+00:00,2020-09-21 22:30:00+00:00
KK_RFR_ICXUSD_NYC,Q22020,index_fixing,"bnus,krkn",icx,3600,360,2020-06-22 22:30:00+00:00,2020-09-21 22:30:00+00:00
KK_RFR_ICXUSD_SGP,Q22020,index_fixing,"bnus,krkn",icx,3600,360,2020-06-22 22:30:00+00:00,2020-09-21 22:30:00+00:00
KK_RFR_IOTAUSD,Q22020,real_time,"bfnx,bnus",iota,300,30,2020-06-22 22:30:00+00:00,2020-09-21 22:30:00+00:00
KK_RFR_IOTAUSD_LDN,Q22020,index_fixing,"bfnx,bnus",iota,3600,360,2020-06-22 22:30:00+00:00,2020-09-21 22:30:00+00:00
KK_RFR_IOTAUSD_LDNLF,Q22020,index_fixing,"bfnx,bnus",iota,3600,360,2020-06-22 22:30:00+00:00,2020-09-21 22:30:00+00:00
KK_RFR_IOTAUSD_NYC,Q22020,index_fixing,"bfnx,bnus",iota,3600,360,2020-06-22 22:30:00+00:00,2020-09-21 22:30:00+00:00
KK_RFR_IOTAUSD_SGP,Q22020,index_fixing,"bfnx,bnus",iota,3600,360,2020-06-22 22:30:00+00:00,2020-09-21 22:30:00+00:00
KK_RFR_KANUSD,Q22020,real_time,bfnx,kan,300,30,2020-06-22 22:30:00+00:00,2020-09-21 22:30:00+00:00
KK_RFR_KANUSD_LDN,Q22020,index_fixing,bfnx,kan,3600,360,2020-06-22 22:30:00+00:00,2020-09-21 22:30:00+00:00
KK_RFR_KANUSD_NYC,Q22020,index_fixing,bfnx,kan,3600,360,2020-06-22 22:30:00+00:00,2020-09-21 22:30:00+00:00
KK_RFR_KANUSD_SGP,Q22020,index_fixing,bfnx,kan,3600,360,2020-06-22 22:30:00+00:00,2020-09-21 22:30:00+00:00
KK_RFR_KCSUSDT_LDNLF,Q22020,index_fixing,kcon,kcs,3600,360,2020-06-22 22:30:00+00:00,2020-09-21 22:30:00+00:00
KK_RFR_KNCUSD,Q22020,real_time,cbse,knc,300,30,2020-06-22 22:30:00+00:00,2020-09-21 22:30:00+00:00
KK_RFR_KNCUSD_LDN,Q22020,index_fixing,cbse,knc,3600,360,2020-06-22 22:30:00+00:00,2020-09-21 22:30:00+00:00
KK_RFR_KNCUSD_NYC,Q22020,index_fixing,cbse,knc,3600,360,2020-06-22 22:30:00+00:00,2020-09-21 22:30:00+00:00
KK_RFR_KNCUSD_SGP,Q22020,index_fixing,cbse,knc,3600,360,2020-06-22 22:30:00+00:00,2020-09-21 22:30:00+00:00
KK_RFR_LEOUSD,Q22020,real_time,bfnx,leo,300,30,2020-06-22 22:30:00+00:00,2020-09-21 22:30:00+00:00
KK_RFR_LEOUSD_LDN,Q22020,index_fixing,bfnx,leo,3600,360,2020-06-22 22:30:00+00:00,2020-09-21 22:30:00+00:00
KK_RFR_LEOUSD_LDNLF,Q22020,index_fixing,bfnx,leo,3600,360,2020-06-22 22:30:00+00:00,2020-09-21 22:30:00+00:00
KK_RFR_LEOUSD_NYC,Q22020,index_fixing,bfnx,leo,3600,360,2020-06-22 22:30:00+00:00,2020-09-21 22:30:00+00:00
KK_RFR_LEOUSD_SGP,Q22020,index_fixing,bfnx,leo,3600,360,2020-06-22 22:30:00+00:00,2020-09-21 22:30:00+00:00
KK_RFR_LINKUSD,Q22020,real_time,"bnus,cbse,gmni,krkn",link,300,30,2020-06-22 22:30:00+00:00,2020-09-21 22:30:00+00:00
KK_RFR_LINKUSD_LDN,Q22020,index_fixing,"bnus,cbse,gmni,krkn",link,3600,360,2020-06-22 22:30:00+00:00,2020-09-21 22:30:00+00:00
KK_RFR_LINKUSD_LDNLF,Q22020,index_fixing,"bnus,cbse,gmni,krkn",link,3600,360,2020-06-22 22:30:00+00:00,2020-09-21 22:30:00+00:00
KK_RFR_LINKUSD_NYC,Q22020,index_fixing,"bnus,cbse,gmni,krkn",link,3600,360,2020-06-22 22:30:00+00:00,2020-09-21 22:30:00+00:00
KK_RFR_LINKUSD_SGP,Q22020,index_fixing,"bnus,cbse,gmni,krkn",link,3600,360,2020-06-22 22:30:00+00:00,2020-09-21 22:30:00+00:00
KK_RFR_LOOMUSDT,Q22020,real_time,cnex,loom,300,30,2020-06-22 22:30:00+00:00,2020-09-21 22:30:00+00:00
KK_RFR_LOOMUSDT_LDN,Q22020,index_fixing,cnex,loom,3600,360,2020-06-22 22:30:00+00:00,2020-09-21 22:30:00+00:00
KK_RFR_LOOMUSDT_NYC,Q22020,index_fixing,cnex,loom,3600,360,2020-06-22 22:30:00+00:00,2020-09-21 22:30:00+00:00
KK_RFR_LOOMUSDT_SGP,Q22020,index_fixing,cnex,loom,3600,360,2020-06-22 22:30:00+00:00,2020-09-21 22:30:00+00:00
KK_RFR_LRCUSD,Q22020,real_time,bfnx,lrc,300,30,2020-06-22 22:30:00+00:00,2020-09-21 22:30:00+00:00
KK_RFR_LRCUSD_LDN,Q22020,index_fixing,bfnx,lrc,3600,360,2020-06-22 22:30:00+00:00,2020-09-21 22:30:00+00:00
KK_RFR_LRCUSD_NYC,Q22020,index_fixing,bfnx,lrc,3600,360,2020-06-22 22:30:00+00:00,2020-09-21 22:30:00+00:00
KK_RFR_LRCUSD_SGP,Q22020,index_fixing,bfnx,lrc,3600,360,2020-06-22 22:30:00+00:00,2020-09-21 22:30:00+00:00
KK_RFR_LSKUSD,Q22020,real_time,krkn,lsk,300,30,2020-06-22 22:30:00+00:00,2020-09-21 22:30:00+00:00
KK_RFR_LSKUSD_LDN,Q22020,index_fixing,krkn,lsk,3600,360,2020-06-22 22:30:00+00:00,2020-09-21 22:30:00+00:00
KK_RFR_LSKUSD_NYC,Q22020,index_fixing,krkn,lsk,3600,360,2020-06-22 22:30:00+00:00,2020-09-21 22:30:00+00:00
KK_RFR_LSKUSD_SGP,Q22020,index_fixing,krkn,lsk,3600,360,2020-06-22 22:30:00+00:00,2020-09-21 22:30:00+00:00
KK_RFR_LTCUSD,Q22020,real_time,"bfnx,cbse,ftxx,krkn,stmp",ltc,300,30,2020-06-22 22:30:00+00:00,2020-09-21 22:30:00+00:00
KK_RFR_LTCUSD_LDN,Q22020,index_fixing,"bfnx,cbse,gmni,krkn,stmp",ltc,3600,360,2020-06-22 22:30:00+00:00,2020-09-21 22:30:00+00:00
KK_RFR_LTCUSD_LDNLF,Q22020,index_fixing,"bfnx,cbse,gmni,krkn,stmp",ltc,3600,360,2020-06-22 22:30:00+00:00,2020-09-21 22:30:00+00:00
KK_RFR_LTCUSD_NYC,Q22020,index_fixing,"bfnx,cbse,ftxx,gmni,stmp",ltc,3600,360,2020-06-22 22:30:00+00:00,2020-09-21 22:30:00+00:00
KK_RFR_LTCUSD_SGP,Q22020,index_fixing,"bfnx,btca,cbse,ftxx,stmp",ltc,3600,360,2020-06-22 22:30:00+00:00,2020-09-21 22:30:00+00:00
KK_RFR_LYMUSD,Q22020,real_time,bfnx,lym,300,30,2020-06-22 22:30:00+00:00,2020-09-21 22:30:00+00:00
KK_RFR_LYMUSD_LDN,Q22020,index_fixing,bfnx,lym,3600,360,2020-06-22 22:30:00+00:00,2020-09-21 22:30:00+00:00
KK_RFR_LYMUSD_NYC,Q22020,index_fixing,bfnx,lym,3600,360,2020-06-22 22:30:00+00:00,2020-09-21 22:30:00+00:00
KK_RFR_LYMUSD_SGP,Q22020,index_fixing,bfnx,lym,3600,360,2020-06-22 22:30:00+00:00,2020-09-21 22:30:00+00:00
KK_RFR_MANAUSD,Q22020,real_time,bfnx,mana,300,30,2020-06-22 22:30:00+00:00,2020-09-21 22:30:00+00:00
KK_RFR_MANAUSD_LDN,Q22020,index_fixing,bfnx,mana,3600,360,2020-06-22 22:30:00+00:00,2020-09-21 22:30:00+00:00
KK_RFR_MANAUSD_LDNLF,Q22020,index_fixing,bfnx,mana,3600,360,2020-06-22 22:30:00+00:00,2020-09-21 22:30:00+00:00
KK_RFR_MANAUSD_NYC,Q22020,index_fixing,bfnx,mana,3600,360,2020-06-22 22:30:00+00:00,2020-09-21 22:30:00+00:00
KK_RFR_MANAUSD_SGP,Q22020,index_fixing,bfnx,mana,3600,360,2020-06-22 22:30:00+00:00,2020-09-21 22:30:00+00:00
KK_RFR_MATICUSD,Q22020,real_time,cexi,matic,300,30,2020-06-22 22:30:00+00:00,2020-09-21 22:30:00+00:00
KK_RFR_MATICUSD_1S,Q22020,real_time,cexi,matic,300,30,2020-06-22 22:30:00+00:00,2020-09-21 22:30:00+00:00
KK_RFR_MATICUSD_LDN,Q22020,index_fixing,cexi,matic,3600,360,2020-06-22 22:30:00+00:00,2020-09-21 22:30:00+00:00
KK_RFR_MATICUSD_LDNLF,Q22020,index_fixing,cexi,matic,3600,360,2020-06-22 22:30:00+00:00,2020-09-21 22:30:00+00:00
KK_RFR_MATICUSD_NYC,Q22020,index_fixing,cexi,matic,3600,360,2020-06-22 22:30:00+00:00,2020-09-21 22:30:00+00:00
KK_RFR_MATICUSD_SGP,Q22020,index_fixing,cexi,matic,3600,360,2020-06-22 22:30:00+00:00,2020-09-21 22:30:00+00:00
KK_RFR_MKRUSD,Q22020,real_time,bfnx,mkr,300,30,2020-06-22 22:30:00+00:00,2020-09-21 22:30:00+00:00
KK_RFR_MKRUSD_LDN,Q22020,index_fixing,bfnx,mkr,3600,360,2020-06-22 22:30:00+00:00,2020-09-21 22:30:00+00:00
KK_RFR_MKRUSD_LDNLF,Q22020,index_fixing,bfnx,mkr,3600,360,2020-06-22 22:30:00+00:00,2020-09-21 22:30:00+00:00
KK_RFR_MKRUSD_NYC,Q22020,index_fixing,bfnx,mkr,3600,360,2020-06-22 22:30:00+00:00,2020-09-21 22:30:00+00:00
KK_RFR_MKRUSD_SGP,Q22020,index_fixing,bfnx,mkr,3600,360,2020-06-22 22:30:00+00:00,2020-09-21 22:30:00+00:00
KK_RFR_MLNUSD,Q22020,real_time,"bfnx,krkn",mln,300,30,2020-06-22 22:30:00+00:00,2020-09-21 22:30:00+00:00
KK_RFR_MLNUSD_LDN,Q22020,index_fixing,"bfnx,krkn",mln,3600,360,2020-06-22 22:30:00+00:00,2020-09-21 22:30:00+00:00
KK_RFR_MLNUSD_NYC,Q22020,index_fixing,"bfnx,krkn",mln,3600,360,2020-06-22 22:30:00+00:00,2020-09-21 22:30:00+00:00
KK_RFR_MLNUSD_SGP,Q22020,index_fixing,"bfnx,krkn",mln,3600,360,2020-06-22 22:30:00+00:00,2020-09-21 22:30:00+00:00
KK_RFR_MXUSDT_LDNLF,Q22020,index_fixing,huob,mx,3600,360,2020-06-22 22:30:00+00:00,2020-09-21 22:30:00+00:00
KK_RFR_NEOUSD,Q22020,real_time,"bequ,bfnx,bnus",neo,300,30,2020-06-22 22:30:00+00:00,2020-09-21 22:30:00+00:00
KK_RFR_NEOUSD_LDN,Q22020,index_fixing,"bequ,bfnx,bnus",neo,3600,360,2020-06-22 22:30:00+00:00,2020-09-21 22:30:00+00:00
KK_RFR_NEOUSD_LDNLF,Q22020,index_fixing,"bequ,bfnx,bnus",neo,3600,360,2020-06-22 22:30:00+00:00,2020-09-21 22:30:00+00:00
KK_RFR_NEOUSD_NYC,Q22020,index_fixing,"bequ,bfnx,bnus",neo,3600,360,2020-06-22 22:30:00+00:00,2020-09-21 22:30:00+00:00
KK_RFR_NEOUSD_SGP,Q22020,index_fixing,"bequ,bfnx,bnus",neo,3600,360,2020-06-22 22:30:00+00:00,2020-09-21 22:30:00+00:00
KK_RFR_OKBUSDT_LDNLF,Q22020,index_fixing,"cnex,okex",okb,3600,360,2020-06-22 22:30:00+00:00,2020-09-21 22:30:00+00:00
KK_RFR_OMGUSD,Q22020,real_time,"bfnx,cbse,krkn",omg,300,30,2020-06-22 22:30:00+00:00,2020-09-21 22:30:00+00:00
KK_RFR_OMGUSD_LDN,Q22020,index_fixing,"bfnx,cbse,krkn",omg,3600,360,2020-06-22 22:30:00+00:00,2020-09-21 22:30:00+00:00
KK_RFR_OMGUSD_NYC,Q22020,index_fixing,"bfnx,cbse,krkn",omg,3600,360,2020-06-22 22:30:00+00:00,2020-09-21 22:30:00+00:00
KK_RFR_OMGUSD_SGP,Q22020,index_fixing,"bfnx,cbse,krkn",omg,3600,360,2020-06-22 22:30:00+00:00,2020-09-21 22:30:00+00:00
KK_RFR_OMNIUSD,Q22020,real_time,bfnx,omni,300,30,2020-06-22 22:30:00+00:00,2020-09-21 22:30:00+00:00
KK_RFR_OMNIUSD_LDN,Q22020,index_fixing,bfnx,omni,3600,360,2020-06-22 22:30:00+00:00,2020-09-21 22:30:00+00:00
KK_RFR_OMNIUSD_NYC,Q22020,index_fixing,bfnx,omni,3600,360,2020-06-22 22:30:00+00:00,2020-09-21 22:30:00+00:00
KK_RFR_OMNIUSD_SGP,Q22020,index_fixing,bfnx,omni,3600,360,2020-06-22 22:30:00+00:00,2020-09-21 22:30:00+00:00
KK_RFR_ONGUSD,Q22020,real_time,cexi,ong,300,30,2020-06-22 22:30:00+00:00,2020-09-21 22:30:00+00:00
KK_RFR_ONGUSD_LDN,Q22020,index_fixing,cexi,ong,3600,360,2020-06-22 22:30:00+00:00,2020-09-21 22:30:00+00:00
KK_RFR_ONGUSD_NYC,Q22020,index_fixing,cexi,ong,3600,360,2020-06-22 22:30:00+00:00,2020-09-21 22:30:00+00:00
KK_RFR_ONGUSD_SGP,Q22020,index_fixing,cexi,ong,3600,360,2020-06-22 22:30:00+00:00,2020-09-21 22:30:00+00:00
KK_RFR_ONTUSD,Q22020,real_time,"bnus,cexi",ont,300,30,2020-06-22 22:30:00+00:00,2020-09-21 22:30:00+00:00
KK_RFR_ONTUSD_LDN,Q22020,index_fixing,"bnus,cexi",ont,3600,360,2020-06-22 22:30:00+00:00,2020-09-21 22:30:00+00:00
KK_RFR_ONTUSD_NYC,Q22020,index_fixing,"bnus,cexi",ont,3600,360,2020-06-22 22:30:00+00:00,2020-09-21 22:30:00+00:00
KK_RFR_ONTUSD_SGP,Q22020,index_fixing,"bnus,cexi",ont,3600,360,2020-06-22 22:30:00+00:00,2020-09-21 22:30:00+00:00
KK_RFR_OXTUSD,Q22020,real_time,"cbse,gmni",oxt,300,30,2020-06-22 22:30:00+00:00,2020-09-21 22:30:00+00:00
KK_RFR_OXTUSD_LDN,Q22020,index_fixing,"cbse,gmni",oxt,3600,360,2020-06-22 22:30:00+00:00,2020-09-21 22:30:00+00:00
KK_RFR_OXTUSD_NYC,Q22020,index_fixing,"cbse,gmni",oxt,3600,360,2020-06-22 22:30:00+00:00,2020-09-21 22:30:00+00:00
KK_RFR_OXTUSD_SGP,Q22020,index_fixing,"cbse,gmni",oxt,3600,360,2020-06-22 22:30:00+00:00,2020-09-21 22:30:00+00:00
KK_RFR_PAXGUSD,Q22020,real_time,"ftxx,itbi,krkn",paxg,300,30,2020-06-22 22:30:00+00:00,2020-09-21 22:30:00+00:00
KK_RFR_PAXGUSD_LDN,Q22020,index_fixing,"ftxx,itbi,krkn",paxg,3600,360,2020-06-22 22:30:00+00:00,2020-09-21 22:30:00+00:00
KK_RFR_PAXGUSD_LDNLF,Q22020,index_fixing,"ftxx,itbi,krkn",paxg,3600,360,2020-06-22 22:30:00+00:00,2020-09-21 22:30:00+00:00
KK_RFR_PAXGUSD_NYC,Q22020,index_fixing,"ftxx,itbi,krkn",paxg,3600,360,2020-06-22 22:30:00+00:00,2020-09-21 22:30:00+00:00
KK_RFR_PAXGUSD_SGP,Q22020,index_fixing,"ftxx,itbi,krkn",paxg,3600,360,2020-06-22 22:30:00+00:00,2020-09-21 22:30:00+00:00
KK_RFR_PNKUSD,Q22020,real_time,bfnx,pnk,300,30,2020-06-22 22:30:00+00:00,2020-09-21 22:30:00+00:00
KK_RFR_PNKUSD_LDN,Q22020,index_fixing,bfnx,pnk,3600,360,2020-06-22 22:30:00+00:00,2020-09-21 22:30:00+00:00
KK_RFR_PNKUSD_NYC,Q22020,index_fixing,bfnx,pnk,3600,360,2020-06-22 22:30:00+00:00,2020-09-21 22:30:00+00:00
KK_RFR_PNKUSD_SGP,Q22020,index_fixing,bfnx,pnk,3600,360,2020-06-22 22:30:00+00:00,2020-09-21 22:30:00+00:00
KK_RFR_QTUMUSD,Q22020,real_time,"bfnx,bnus,krkn",qtum,300,30,2020-06-22 22:30:00+00:00,2020-09-21 22:30:00+00:00
KK_RFR_QTUMUSD_LDN,Q22020,index_fixing,"bfnx,bnus,krkn",qtum,3600,360,2020-06-22 22:30:00+00:00,2020-09-21 22:30:00+00:00
KK_RFR_QTUMUSD_LDNLF,Q22020,index_fixing,"bfnx,bnus,krkn",qtum,3600,360,2020-06-22 22:30:00+00:00,2020-09-21 22:30:00+00:00
KK_RFR_QTUMUSD_NYC,Q22020,index_fixing,"bfnx,bnus,krkn",qtum,3600,360,2020-06-22 22:30:00+00:00,2020-09-21 22:30:00+00:00
KK_RFR_QTUMUSD_SGP,Q22020,index_fixing,"bfnx,bnus,krkn",qtum,3600,360,2020-06-22 22:30:00+00:00,2020-09-21 22:30:00+00:00
KK_RFR_RBTCUSD,Q22020,real_time,bfnx,rbtc,300,30,2020-06-22 22:30:00+00:00,2020-09-21 22:30:00+00:00
KK_RFR_RBTCUSD_LDN,Q22020,index_fixing,bfnx,rbtc,300,30,2020-06-22 22:30:00+00:00,2020-09-21 22:30:00+00:00
KK_RFR_RBTCUSD_NYC,Q22020,index_fixing,bfnx,rbtc,300,30,2020-06-22 22:30:00+00:00,2020-09-21 22:30:00+00:00
KK_RFR_RBTCUSD_SGP,Q22020,index_fixing,bfnx,rbtc,300,30,2020-06-22 22:30:00+00:00,2020-09-21 22:30:00+00:00
KK_RFR_REPUSD,Q22020,real_time,"cbse,krkn",rep,300,30,2020-06-22 22:30:00+00:00,2020-09-21 22:30:00+00:00
KK_RFR_REPUSD_LDN,Q22020,index_fixing,"cbse,krkn",rep,3600,360,2020-06-22 22:30:00+00:00,2020-09-21 22:30:00+00:00
KK_RFR_REPUSD_NYC,Q22020,index_fixing,"cbse,krkn",rep,3600,360,2020-06-22 22:30:00+00:00,2020-09-21 22:30:00+00:00
KK_RFR_REPUSD_SGP,Q22020,index_fixing,"cbse,krkn",rep,3600,360,2020-06-22 22:30:00+00:00,2020-09-21 22:30:00+00:00
KK_RFR_REQUSD,Q22020,real_time,bfnx,req,300,30,2020-06-22 22:30:00+00:00,2020-09-21 22:30:00+00:00
KK_RFR_REQUSD_LDN,Q22020,index_fixing,bfnx,req,3600,360,2020-06-22 22:30:00+00:00,2020-09-21 22:30:00+00:00
KK_RFR_REQUSD_NYC,Q22020,index_fixing,bfnx,req,3600,360,2020-06-22 22:30:00+00:00,2020-09-21 22:30:00+00:00
KK_RFR_REQUSD_SGP,Q22020,index_fixing,bfnx,req,3600,360,2020-06-22 22:30:00+00:00,2020-09-21 22:30:00+00:00
KK_RFR_RIFUSD,Q22020,real_time,"bfnx,quon",rif,300,30,2020-06-22 22:30:00+00:00,2020-09-21 22:30:00+00:00
KK_RFR_RIFUSD_LDN,Q22020,index_fixing,"bfnx,quon",rif,300,30,2020-06-22 22:30:00+00:00,2020-09-21 22:30:00+00:00
KK_RFR_RIFUSD_NYC,Q22020,index_fixing,"bfnx,quon",rif,300,30,2020-06-22 22:30:00+00:00,2020-09-21 22:30:00+00:00
KK_RFR_RIFUSD_SGP,Q22020,index_fixing,"bfnx,quon",rif,300,30,2020-06-22 22:30:00+00:00,2020-09-21 22:30:00+00:00
KK_RFR_RLCUSD,Q22020,real_time,bfnx,rlc,300,30,2020-06-22 22:30:00+00:00,2020-09-21 22:30:00+00:00
KK_RFR_RLCUSD_LDN,Q22020,index_fixing,bfnx,rlc,3600,360,2020-06-22 22:30:00+00:00,2020-09-21 22:30:00+00:00
KK_RFR_RLCUSD_NYC,Q22020,index_fixing,bfnx,rlc,3600,360,2020-06-22 22:30:00+00:00,2020-09-21 22:30:00+00:00
KK_RFR_RLCUSD_SGP,Q22020,index_fixing,bfnx,rlc,3600,360,2020-06-22 22:30:00+00:00,2020-09-21 22:30:00+00:00
KK_RFR_RRTUSD,Q22020,real_time,bfnx,rrt,300,30,2020-06-22 22:30:00+00:00,2020-09-21 22:30:00+00:00
KK_RFR_RRTUSD_LDN,Q22020,index_fixing,bfnx,rrt,3600,360,2020-06-22 22:30:00+00:00,2020-09-21 22:30:00+00:00
KK_RFR_RRTUSD_NYC,Q22020,index_fixing,bfnx,rrt,3600,360,2020-06-22 22:30:00+00:00,2020-09-21 22:30:00+00:00
KK_RFR_RRTUSD_SGP,Q22020,index_fixing,bfnx,rrt,3600,360,2020-06-22 22:30:00+00:00,2020-09-21 22:30:00+00:00
KK_RFR_RVNUSD,Q22020,real_time,"bnus,btrx",rvn,300,30,2020-06-22 22:30:00+00:00,2020-09-21 22:30:00+00:00
KK_RFR_RVNUSD_LDN,Q22020,index_fixing,"bnus,btrx",rvn,3600,360,2020-06-22 22:30:00+00:00,2020-09-21 22:30:00+00:00
KK_RFR_RVNUSD_LDNLF,Q22020,index_fixing,"bnus,btrx",rvn,3600,360,2020-06-22 22:30:00+00:00,2020-09-21 22:30:00+00:00
KK_RFR_RVNUSD_NYC,Q22020,index_fixing,"bnus,btrx",rvn,3600,360,2020-06-22 22:30:00+00:00,2020-09-21 22:30:00+00:00
KK_RFR_RVNUSD_SGP,Q22020,index_fixing,"bnus,btrx",rvn,3600,360,2020-06-22 22:30:00+00:00,2020-09-21 22:30:00+00:00
KK_RFR_SCUSD,Q22020,real_time,"btrx,krkn",sc,300,30,2020-06-22 22:30:00+00:00,2020-09-21 22:30:00+00:00
KK_RFR_SCUSD_LDN,Q22020,index_fixing,"btrx,krkn",sc,3600,360,2020-06-22 22:30:00+00:00,2020-09-21 22:30:00+00:00
KK_RFR_SCUSD_LDNLF,Q22020,index_fixing,"btrx,krkn",sc,3600,360,2020-06-22 22:30:00+00:00,2020-09-21 22:30:00+00:00
KK_RFR_SCUSD_NYC,Q22020,index_fixing,"btrx,krkn",sc,3600,360,2020-06-22 22:30:00+00:00,2020-09-21 22:30:00+00:00
KK_RFR_SCUSD_SGP,Q22020,index_fixing,"btrx,krkn",sc,3600,360,2020-06-22 22:30:00+00:00,2020-09-21 22:30:00+00:00
KK_RFR_SNTUSD,Q22020,real_time,bfnx,snt,300,30,2020-06-22 22:30:00+00:00,2020-09-21 22:30:00+00:00
KK_RFR_SNTUSD_LDN,Q22020,index_fixing,bfnx,snt,3600,360,2020-06-22 22:30:00+00:00,2020-09-21 22:30:00+00:00
KK_RFR_SNTUSD_NYC,Q22020,index_fixing,bfnx,snt,3600,360,2020-06-22 22:30:00+00:00,2020-09-21 22:30:00+00:00
KK_RFR_SNTUSD_SGP,Q22020,index_fixing,bfnx,snt,3600,360,2020-06-22 22:30:00+00:00,2020-09-21 22:30:00+00:00
KK_RFR_STORJUSD,Q22020,real_time,bfnx,storj,300,30,2020-06-22 22:30:00+00:00,2020-09-21 22:30:00+00:00
KK_RFR_STORJUSD_LDN,Q22020,index_fixing,bfnx,storj,3600,360,2020-06-22 22:30:00+00:00,2020-09-21 22:30:00+00:00
KK_RFR_STORJUSD_NYC,Q22020,index_fixing,bfnx,storj,3600,360,2020-06-22 22:30:00+00:00,2020-09-21 22:30:00+00:00
KK_RFR_STORJUSD_SGP,Q22020,index_fixing,bfnx,storj,3600,360,2020-06-22 22:30:00+00:00,2020-09-21 22:30:00+00:00
KK_RFR_TELUSDT,Q22020,real_time,kcon,tel,300,30,2020-06-22 22:30:00+00:00,2020-09-21 22:30:00+00:00
KK_RFR_TELUSDT_LDN,Q22020,index_fixing,kcon,tel,3600,360,2020-06-22 22:30:00+00:00,2020-09-21 22:30:00+00:00
KK_RFR_TELUSDT_NYC,Q22020,index_fixing,kcon,tel,3600,360,2020-06-22 22:30:00+00:00,2020-09-21 22:30:00+00:00
KK_RFR_TELUSDT_SGP,Q22020,index_fixing,kcon,tel,3600,360,2020-06-22 22:30:00+00:00,2020-09-21 22:30:00+00:00
KK_RFR_TOMOUSDT,Q22020,real_time,"binc,kcon",tomo,300,30,2020-06-22 22:30:00+00:00,2020-09-21 22:30:00+00:00
KK_RFR_TOMOUSDT_LDN,Q22020,index_fixing,"binc,kcon",tomo,3600,360,2020-06-22 22:30:00+00:00,2020-09-21 22:30:00+00:00
KK_RFR_TOMOUSDT_NYC,Q22020,index_fixing,"binc,kcon",tomo,3600,360,2020-06-22 22:30:00+00:00,2020-09-21 22:30:00+00:00
KK_RFR_TOMOUSDT_SGP,Q22020,index_fixing,"binc,kcon",tomo,3600,360,2020-06-22 22:30:00+00:00,2020-09-21 22:30:00+00:00
KK_RFR_TRXUSD,Q22020,real_time,"bequ,bfnx",trx,300,30,2020-06-22 22:30:00+00:00,2020-09-21 22:30:00+00:00
KK_RFR_TRXUSD_LDN,Q22020,index_fixing,"bequ,bfnx",trx,3600,360,2020-06-22 22:30:00+00:00,2020-09-21 22:30:00+00:00
KK_RFR_TRXUSD_LDNLF,Q22020,index_fixing,"bequ,bfnx",trx,3600,360,2020-06-22 22:30:00+00:00,2020-09-21 22:30:00+00:00
KK_RFR_TRXUSD_NYC,Q22020,index_fixing,"bequ,bfnx",trx,3600,360,2020-06-22 22:30:00+00:00,2020-09-21 22:30:00+00:00
KK_RFR_TRXUSD_SGP,Q22020,index_fixing,"bequ,bfnx",trx,3600,360,2020-06-22 22:30:00+00:00,2020-09-21 22:30:00+00:00
KK_RFR_TUSDUSD,Q22020,real_time,"bequ,bfnx,btrx,okcn",tusd,300,30,2020-06-22 22:30:00+00:00,2020-09-21 22:30:00+00:00
KK_RFR_TUSDUSD_LDN,Q22020,index_fixing,"bequ,bfnx,btrx,okcn",tusd,3600,360,2020-06-22 22:30:00+00:00,2020-09-21 22:30:00+00:00
KK_RFR_TUSDUSD_NYC,Q22020,index_fixing,"bequ,bfnx,btrx,okcn",tusd,3600,360,2020-06-22 22:30:00+00:00,2020-09-21 22:30:00+00:00
KK_RFR_TUSDUSD_SGP,Q22020,index_fixing,"bequ,bfnx,btrx,okcn",tusd,3600,360,2020-06-22 22:30:00+00:00,2020-09-21 22:30:00+00:00
KK_RFR_UOSUSD,Q22020,real_time,bfnx,uos,300,30,2020-06-22 22:30:00+00:00,2020-09-21 22:30:00+00:00
KK_RFR_UOSUSD_LDN,Q22020,index_fixing,bfnx,uos,3600,360,2020-06-22 22:30:00+00:00,2020-09-21 22:30:00+00:00
KK_RFR_UOSUSD_NYC,Q22020,index_fixing,bfnx,uos,3600,360,2020-06-22 22:30:00+00:00,2020-09-21 22:30:00+00:00
KK_RFR_UOSUSD_SGP,Q22020,index_fixing,bfnx,uos,3600,360,2020-06-22 22:30:00+00:00,2020-09-21 22:30:00+00:00
KK_RFR_USDCUSD,Q22020,real_time,"bfnx,btrx,krkn,okcn",usdc,300,30,2020-06-22 22:30:00+00:00,2020-09-21 22:30:00+00:00
KK_RFR_USDCUSD_LDN,Q22020,index_fixing,"bfnx,btrx,krkn,okcn",usdc,3600,360,2020-06-22 22:30:00+00:00,2020-09-21 22:30:00+00:00
KK_RFR_USDCUSD_NYC,Q22020,index_fixing,"bfnx,btrx,krkn,okcn",usdc,3600,360,2020-06-22 22:30:00+00:00,2020-09-21 22:30:00+00:00
KK_RFR_USDCUSD_SGP,Q22020,index_fixing,"bfnx,btrx,krkn,okcn",usdc,3600,360,2020-06-22 22:30:00+00:00,2020-09-21 22:30:00+00:00
KK_RFR_USDPUSD,Q22020,real_time,"bfnx,okcn",usdp,300,30,2020-06-22 22:30:00+00:00,2020-09-21 22:30:00+00:00
KK_RFR_USDPUSD_LDN,Q22020,index_fixing,"bfnx,okcn",usdp,3600,360,2020-06-22 22:30:00+00:00,2020-09-21 22:30:00+00:00
KK_RFR_USDPUSD_NYC,Q22020,index_fixing,"bfnx,okcn",usdp,3600,360,2020-06-22 22:30:00+00:00,2020-09-21 22:30:00+00:00
KK_RFR_USDPUSD_SGP,Q22020,index_fixing,"bfnx,okcn",usdp,3600,360,2020-06-22 22:30:00+00:00,2020-09-21 22:30:00+00:00
KK_RFR_USDTUSD,Q22020,real_time,"bnus,btrx,ftxx,krkn,okcn",usdt,300,30,2020-06-22 22:30:00+00:00,2020-09-21 22:30:00+00:00
KK_RFR_USDTUSD_LDN,Q22020,index_fixing,"bnus,btrx,ftxx,krkn,okcn",usdt,3600,360,2020-06-22 22:30:00+00:00,2020-09-21 22:30:00+00:00
KK_RFR_USDTUSD_LDNLF,Q22020,index_fixing,"bnus,btrx,ftxx,krkn,okcn",usdt,3600,360,2020-06-22 22:30:00+00:00,2020-09-21 22:30:00+00:00
KK_RFR_USDTUSD_NYC,Q22020,index_fixing,"bfnx,bnus,btrx,krkn,okcn",usdt,3600,360,2020-06-22 22:30:00+00:00,2020-09-21 22:30:00+00:00
KK_RFR_USDTUSD_SGP,Q22020,index_fixing,"bfnx,bnus,ftxx,krkn,okcn",usdt,3600,360,2020-06-22 22:30:00+00:00,2020-09-21 22:30:00+00:00
KK_RFR_UTKUSD,Q22020,real_time,bfnx,utk,300,30,2020-06-22 22:30:00+00:00,2020-09-21 22:30:00+00:00
KK_RFR_UTKUSD_LDN,Q22020,index_fixing,bfnx,utk,3600,360,2020-06-22 22:30:00+00:00,2020-09-21 22:30:00+00:00
KK_RFR_UTKUSD_NYC,Q22020,index_fixing,bfnx,utk,3600,360,2020-06-22 22:30:00+00:00,2020-09-21 22:30:00+00:00
KK_RFR_UTKUSD_SGP,Q22020,index_fixing,bfnx,utk,3600,360,2020-06-22 22:30:00+00:00,2020-09-21 22:30:00+00:00
KK_RFR_VETUSD,Q22020,real_time,"bfnx,bnus",vet,300,30,2020-06-22 22:30:00+00:00,2020-09-21 22:30:00+00:00
KK_RFR_VETUSD_LDN,Q22020,index_fixing,"bfnx,bnus",vet,3600,360,2020-06-22 22:30:00+00:00,2020-09-21 22:30:00+00:00
KK_RFR_VETUSD_LDNLF,Q22020,index_fixing,"bfnx,bnus",vet,3600,360,2020-06-22 22:30:00+00:00,2020-09-21 22:30:00+00:00
KK_RFR_VETUSD_NYC,Q22020,index_fixing,"bfnx,bnus",vet,3600,360,2020-06-22 22:30:00+00:00,2020-09-21 22:30:00+00:00
KK_RFR_VETUSD_SGP,Q22020,index_fixing,"bfnx,bnus",vet,3600,360,2020-06-22 22:30:00+00:00,2020-09-21 22:30:00+00:00
KK_RFR_VSYSUSD,Q22020,real_time,bfnx,vsys,300,30,2020-06-22 22:30:00+00:00,2020-09-21 22:30:00+00:00
KK_RFR_VSYSUSD_LDN,Q22020,index_fixing,bfnx,vsys,3600,360,2020-06-22 22:30:00+00:00,2020-09-21 22:30:00+00:00
KK_RFR_VSYSUSD_NYC,Q22020,index_fixing,bfnx,vsys,3600,360,2020-06-22 22:30:00+00:00,2020-09-21 22:30:00+00:00
KK_RFR_VSYSUSD_SGP,Q22020,index_fixing,bfnx,vsys,3600,360,2020-06-22 22:30:00+00:00,2020-09-21 22:30:00+00:00
KK_RFR_WAVESUSD,Q22020,real_time,"bnus,krkn",waves,300,30,2020-06-22 22:30:00+00:00,2020-09-21 22:30:00+00:00
KK_RFR_WAVESUSD_LDN,Q22020,index_fixing,"bnus,krkn",waves,3600,360,2020-06-22 22:30:00+00:00,2020-09-21 22:30:00+00:00
KK_RFR_WAVESUSD_NYC,Q22020,index_fixing,"bnus,krkn",waves,3600,360,2020-06-22 22:30:00+00:00,2020-09-21 22:30:00+00:00
KK_RFR_WAVESUSD_SGP,Q22020,index_fixing,"bnus,krkn",waves,3600,360,2020-06-22 22:30:00+00:00,2020-09-21 22:30:00+00:00
KK_RFR_WAXPUSD,Q22020,real_time,btrx,waxp,300,30,2020-06-22 22:30:00+00:00,2020-09-21 22:30:00+00:00
KK_RFR_WAXPUSD_LDN,Q22020,index_fixing,btrx,waxp,3600,360,2020-06-22 22:30:00+00:00,2020-09-21 22:30:00+00:00
KK_RFR_WAXPUSD_NYC,Q22020,index_fixing,btrx,waxp,3600,360,2020-06-22 22:30:00+00:00,2020-09-21 22:30:00+00:00
KK_RFR_WAXPUSD_SGP,Q22020,index_fixing,btrx,waxp,3600,360,2020-06-22 22:30:00+00:00,2020-09-21 22:30:00+00:00
KK_RFR_WBTCUSD,Q22020,real_time,bfnx,wbtc,300,30,2020-06-22 22:30:00+00:00,2020-09-21 22:30:00+00:00
KK_RFR_WBTCUSD_LDN,Q22020,index_fixing,bfnx,wbtc,3600,360,2020-06-22 22:30:00+00:00,2020-09-21 22:30:00+00:00
KK_RFR_WBTCUSD_NYC,Q22020,index_fixing,bfnx,wbtc,3600,360,2020-06-22 22:30:00+00:00,2020-09-21 22:30:00+00:00
KK_RFR_WBTCUSD_SGP,Q22020,index_fixing,bfnx,wbtc,3600,360,2020-06-22 22:30:00+00:00,2020-09-21 22:30:00+00:00
KK_RFR_WBTUSD,Q22020,real_time,bfnx,wbt,300,30,2020-06-22 22:30:00+00:00,2020-09-21 22:30:00+00:00
KK_RFR_WBTUSD_LDN,Q22020,index_fixing,bfnx,wbt,3600,360,2020-06-22 22:30:00+00:00,2020-09-21 22:30:00+00:00
KK_RFR_WBTUSD_NYC,Q22020,index_fixing,bfnx,wbt,3600,360,2020-06-22 22:30:00+00:00,2020-09-21 22:30:00+00:00
KK_RFR_WBTUSD_SGP,Q22020,index_fixing,bfnx,wbt,3600,360,2020-06-22 22:30:00+00:00,2020-09-21 22:30:00+00:00
KK_RFR_XAUTUSD,Q22020,real_time,"bfnx,ftxx",xaut,300,30,2020-06-22 22:30:00+00:00,2020-09-21 22:30:00+00:00
KK_RFR_XAUTUSD_LDN,Q22020,index_fixing,"bfnx,ftxx",xaut,3600,360,2020-06-22 22:30:00+00:00,2020-09-21 22:30:00+00:00
KK_RFR_XAUTUSD_LDNLF,Q22020,index_fixing,"bfnx,ftxx",xaut,3600,360,2020-06-22 22:30:00+00:00,2020-09-21 22:30:00+00:00
KK_RFR_XAUTUSD_NYC,Q22020,index_fixing,"bfnx,ftxx",xaut,3600,360,2020-06-22 22:30:00+00:00,2020-09-21 22:30:00+00:00
KK_RFR_XAUTUSD_SGP,Q22020,index_fixing,"bfnx,ftxx",xaut,3600,360,2020-06-22 22:30:00+00:00,2020-09-21 22:30:00+00:00
KK_RFR_XLMUSD,Q22020,real_time,"bequ,bfnx,bnus,cbse,krkn",xlm,300,30,2020-06-22 22:30:00+00:00,2020-09-21 22:30:00+00:00
KK_RFR_XLMUSD_LDN,Q22020,index_fixing,"bequ,bfnx,bnus,cbse,krkn",xlm,3600,360,2020-06-22 22:30:00+00:00,2020-09-21 22:30:00+00:00
KK_RFR_XLMUSD_LDNLF,Q22020,index_fixing,"bequ,bfnx,bnus,cbse,krkn",xlm,3600,360,2020-06-22 22:30:00+00:00,2020-09-21 22:30:00+00:00
KK_RFR_XLMUSD_NYC,Q22020,index_fixing,"bequ,bfnx,bnus,cbse,krkn",xlm,3600,360,2020-06-22 22:30:00+00:00,2020-09-21 22:30:00+00:00
KK_RFR_XLMUSD_SGP,Q22020,index_fixing,"bequ,bfnx,bnus,cbse,krkn",xlm,3600,360,2020-06-22 22:30:00+00:00,2020-09-21 22:30:00+00:00
KK_RFR_XMRUSD,Q22020,real_time,"bfnx,krkn",xmr,300,30,2020-06-22 22:30:00+00:00,2020-09-21 22:30:00+00:00
KK_RFR_XMRUSD_LDN,Q22020,index_fixing,"bfnx,krkn",xmr,3600,360,2020-06-22 22:30:00+00:00,2020-09-21 22:30:00+00:00
KK_RFR_XMRUSD_LDNLF,Q22020,index_fixing,"bfnx,krkn",xmr,3600,360,2020-06-22 22:30:00+00:00,2020-09-21 22:30:00+00:00
KK_RFR_XMRUSD_NYC,Q22020,index_fixing,"bfnx,krkn",xmr,3600,360,2020-06-22 22:30:00+00:00,2020-09-21 22:30:00+00:00
KK_RFR_XMRUSD_SGP,Q22020,index_fixing,"bfnx,krkn",xmr,3600,360,2020-06-22 22:30:00+00:00,2020-09-21 22:30:00+00:00
KK_RFR_XNOUSD,Q22020,real_time,krkn,xno,300,30,2020-06-22 22:30:00+00:00,2020-09-21 22:30:00+00:00
KK_RFR_XNOUSD_LDN,Q22020,index_fixing,krkn,xno,3600,360,2020-06-22 22:30:00+00:00,2020-09-21 22:30:00+00:00
KK_RFR_XNOUSD_NYC,Q22020,index_fixing,krkn,xno,3600,360,2020-06-22 22:30:00+00:00,2020-09-21 22:30:00+00:00
KK_RFR_XNOUSD_SGP,Q22020,index_fixing,krkn,xno,3600,360,2020-06-22 22:30:00+00:00,2020-09-21 22:30:00+00:00
KK_RFR_XRPUSD,Q22020,real_time,"bfnx,cbse,krkn,lmax,stmp",xrp,300,30,2020-06-22 22:30:00+00:00,2020-09-21 22:30:00+00:00
KK_RFR_XRPUSD_LDN,Q22020,index_fixing,"bfnx,cbse,krkn,lmax,stmp",xrp,3600,360,2020-06-22 22:30:00+00:00,2020-09-21 22:30:00+00:00
KK_RFR_XRPUSD_LDNLF,Q22020,index_fixing,"bfnx,cbse,krkn,lmax,stmp",xrp,3600,360,2020-06-22 22:30:00+00:00,2020-09-21 22:30:00+00:00
KK_RFR_XRPUSD_NYC,Q22020,index_fixing,"bfnx,cbse,krkn,lmax,stmp",xrp,3600,360,2020-06-22 22:30:00+00:00,2020-09-21 22:30:00+00:00
KK_RFR_XRPUSD_SGP,Q22020,index_fixing,"bfnx,cbse,krkn,lmax,stmp",xrp,3600,360,2020-06-22 22:30:00+00:00,2020-09-21 22:30:00+00:00
KK_RFR_XTZUSD,Q22020,real_time,"bfnx,bnus,cbse,krkn",xtz,300,30,2020-06-22 22:30:00+00:00,2020-09-21 22:30:00+00:00
KK_RFR_XTZUSD_LDN,Q22020,index_fixing,"bfnx,bnus,cbse,krkn",xtz,3600,360,2020-06-22 22:30:00+00:00,2020-09-21 22:30:00+00:00
KK_RFR_XTZUSD_LDNLF,Q22020,index_fixing,"bfnx,bnus,cbse,krkn",xtz,3600,360,2020-06-22 22:30:00+00:00,2020-09-21 22:30:00+00:00
KK_RFR_XTZUSD_NYC,Q22020,index_fixing,"bfnx,bnus,cbse,krkn",xtz,3600,360,2020-06-22 22:30:00+00:00,2020-09-21 22:30:00+00:00
KK_RFR_XTZUSD_SGP,Q22020,index_fixing,"bfnx,bnus,cbse,krkn",xtz,3600,360,2020-06-22 22:30:00+00:00,2020-09-21 22:30:00+00:00
KK_RFR_XVGUSD,Q22020,real_time,"bfnx,sxha",xvg,300,30,2020-06-22 22:30:00+00:00,2020-09-21 22:30:00+00:00
KK_RFR_XVGUSD_LDN,Q22020,index_fixing,"bfnx,sxha",xvg,3600,360,2020-06-22 22:30:00+00:00,2020-09-21 22:30:00+00:00
KK_RFR_XVGUSD_NYC,Q22020,index_fixing,"bfnx,sxha",xvg,3600,360,2020-06-22 22:30:00+00:00,2020-09-21 22:30:00+00:00
KK_RFR_XVGUSD_SGP,Q22020,index_fixing,"bfnx,sxha",xvg,3600,360,2020-06-22 22:30:00+00:00,2020-09-21 22:30:00+00:00
KK_RFR_ZECUSD,Q22020,real_time,"bfnx,bnus,btrx,gmni,krkn",zec,300,30,2020-06-22 22:30:00+00:00,2020-09-21 22:30:00+00:00
KK_RFR_ZECUSD_LDN,Q22020,index_fixing,"bfnx,bnus,btrx,gmni,krkn",zec,3600,360,2020-06-22 22:30:00+00:00,2020-09-21 22:30:00+00:00
KK_RFR_ZECUSD_LDNLF,Q22020,index_fixing,"bfnx,bnus,btrx,gmni,krkn",zec,3600,360,2020-06-22 22:30:00+00:00,2020-09-21 22:30:00+00:00
KK_RFR_ZECUSD_NYC,Q22020,index_fixing,"bfnx,bnus,btrx,gmni,krkn",zec,3600,360,2020-06-22 22:30:00+00:00,2020-09-21 22:30:00+00:00
KK_RFR_ZECUSD_SGP,Q22020,index_fixing,"bfnx,bnus,btrx,gmni,krkn",zec,3600,360,2020-06-22 22:30:00+00:00,2020-09-21 22:30:00+00:00
KK_RFR_ZENUSD,Q22020,real_time,btrx,zen,300,30,2020-06-22 22:30:00+00:00,2020-09-21 22:30:00+00:00
KK_RFR_ZENUSD_LDN,Q22020,index_fixing,btrx,zen,3600,360,2020-06-22 22:30:00+00:00,2020-09-21 22:30:00+00:00
KK_RFR_ZENUSD_NYC,Q22020,index_fixing,btrx,zen,3600,360,2020-06-22 22:30:00+00:00,2020-09-21 22:30:00+00:00
KK_RFR_ZENUSD_SGP,Q22020,index_fixing,btrx,zen,3600,360,2020-06-22 22:30:00+00:00,2020-09-21 22:30:00+00:00
KK_RFR_ZILUSD,Q22020,real_time,"bfnx,bnus",zil,300,30,2020-06-22 22:30:00+00:00,2020-09-21 22:30:00+00:00
KK_RFR_ZILUSD_LDN,Q22020,index_fixing,"bfnx,bnus",zil,3600,360,2020-06-22 22:30:00+00:00,2020-09-21 22:30:00+00:00
KK_RFR_ZILUSD_LDNLF,Q22020,index_fixing,"bfnx,bnus",zil,3600,360,2020-06-22 22:30:00+00:00,2020-09-21 22:30:00+00:00
KK_RFR_ZILUSD_NYC,Q22020,index_fixing,"bfnx,bnus",zil,3600,360,2020-06-22 22:30:00+00:00,2020-09-21 22:30:00+00:00
KK_RFR_ZILUSD_SGP,Q22020,index_fixing,"bfnx,bnus",zil,3600,360,2020-06-22 22:30:00+00:00,2020-09-21 22:30:00+00:00
KK_RFR_ZRXUSD,Q22020,real_time,"bfnx,bnus,cbse",zrx,300,30,2020-06-22 22:30:00+00:00,2020-09-21 22:30:00+00:00
KK_RFR_ZRXUSD_LDN,Q22020,index_fixing,"bfnx,bnus,cbse",zrx,3600,360,2020-06-22 22:30:00+00:00,2020-09-21 22:30:00+00:00
KK_RFR_ZRXUSD_LDNLF,Q22020,index_fixing,"bfnx,bnus,cbse",zrx,3600,360,2020-06-22 22:30:00+00:00,2020-09-21 22:30:00+00:00
KK_RFR_ZRXUSD_NYC,Q22020,index_fixing,"bfnx,bnus,cbse",zrx,3600,360,2020-06-22 22:30:00+00:00,2020-09-21 22:30:00+00:00
KK_RFR_ZRXUSD_SGP,Q22020,index_fixing,"bfnx,bnus,cbse",zrx,3600,360,2020-06-22 22:30:00+00:00,2020-09-21 22:30:00+00:00
